file,line,type,commit,author,date,time,timezone,datetime,depth,length
style.css,1,css,c6f98b86,rapatnaik,2025-04-04,17:58:17,-07:00,2025-04-04T17:58:17-07:00,0,4
style.css,2,css,c6f98b86,rapatnaik,2025-04-04,17:58:17,-07:00,2025-04-04T17:58:17-07:00,2,43
style.css,3,css,c6f98b86,rapatnaik,2025-04-04,17:58:17,-07:00,2025-04-04T17:58:17-07:00,4,42
style.css,4,css,c6f98b86,rapatnaik,2025-04-04,17:58:17,-07:00,2025-04-04T17:58:17-07:00,3,0
style.css,5,css,a0429b67,rapatnaik,2025-04-10,00:15:12,-07:00,2025-04-10T00:15:12-07:00,2,15
style.css,6,css,c6f98b86,rapatnaik,2025-04-04,17:58:17,-07:00,2025-04-04T17:58:17-07:00,2,23
style.css,7,css,a0429b67,rapatnaik,2025-04-10,00:15:12,-07:00,2025-04-10T00:15:12-07:00,2,18
style.css,8,css,a0429b67,rapatnaik,2025-04-10,00:15:12,-07:00,2025-04-10T00:15:12-07:00,2,12
style.css,9,css,32408f7f,rapatnaik,2025-04-25,23:08:40,-07:00,2025-04-25T23:08:40-07:00,2,16
style.css,10,css,a0429b67,rapatnaik,2025-04-10,00:15:12,-07:00,2025-04-10T00:15:12-07:00,0,0
style.css,11,css,a0429b67,rapatnaik,2025-04-10,00:15:12,-07:00,2025-04-10T00:15:12-07:00,0,0
style.css,12,css,a0429b67,rapatnaik,2025-04-10,00:15:12,-07:00,2025-04-10T00:15:12-07:00,0,5
style.css,13,css,a0429b67,rapatnaik,2025-04-10,00:15:12,-07:00,2025-04-10T00:15:12-07:00,0,6
style.css,14,css,a0429b67,rapatnaik,2025-04-10,00:15:12,-07:00,2025-04-10T00:15:12-07:00,1,16
style.css,15,css,a0429b67,rapatnaik,2025-04-10,00:15:12,-07:00,2025-04-10T00:15:12-07:00,0,0
style.css,16,css,a0429b67,rapatnaik,2025-04-10,00:15:12,-07:00,2025-04-10T00:15:12-07:00,0,0
style.css,17,css,a0429b67,rapatnaik,2025-04-10,00:15:12,-07:00,2025-04-10T00:15:12-07:00,0,3
style.css,18,css,a0429b67,rapatnaik,2025-04-10,00:15:12,-07:00,2025-04-10T00:15:12-07:00,1,12
style.css,19,css,bba8e8d1,rapatnaik,2025-04-10,01:03:38,-07:00,2025-04-10T01:03:38-07:00,1,18
style.css,20,css,198db6dc,rapatnaik,2025-04-18,21:20:24,-07:00,2025-04-18T21:20:24-07:00,1,38
style.css,21,css,198db6dc,rapatnaik,2025-04-18,21:20:24,-07:00,2025-04-18T21:20:24-07:00,1,43
style.css,22,css,bba8e8d1,rapatnaik,2025-04-10,01:03:38,-07:00,2025-04-10T01:03:38-07:00,1,18
style.css,23,css,a0429b67,rapatnaik,2025-04-10,00:15:12,-07:00,2025-04-10T00:15:12-07:00,0,0
style.css,24,css,a0429b67,rapatnaik,2025-04-10,00:15:12,-07:00,2025-04-10T00:15:12-07:00,0,0
style.css,25,css,a0429b67,rapatnaik,2025-04-10,00:15:12,-07:00,2025-04-10T00:15:12-07:00,0,5
style.css,26,css,a0429b67,rapatnaik,2025-04-10,00:15:12,-07:00,2025-04-10T00:15:12-07:00,1,6
style.css,27,css,a0429b67,rapatnaik,2025-04-10,00:15:12,-07:00,2025-04-10T00:15:12-07:00,1,17
style.css,28,css,a0429b67,rapatnaik,2025-04-10,00:15:12,-07:00,2025-04-10T00:15:12-07:00,1,14
style.css,29,css,a0429b67,rapatnaik,2025-04-10,00:15:12,-07:00,2025-04-10T00:15:12-07:00,1,20
style.css,30,css,a0429b67,rapatnaik,2025-04-10,00:15:12,-07:00,2025-04-10T00:15:12-07:00,1,13
style.css,31,css,bba8e8d1,rapatnaik,2025-04-10,01:03:38,-07:00,2025-04-10T01:03:38-07:00,1,11
style.css,32,css,a0429b67,rapatnaik,2025-04-10,00:15:12,-07:00,2025-04-10T00:15:12-07:00,0,0
style.css,33,css,a0429b67,rapatnaik,2025-04-10,00:15:12,-07:00,2025-04-10T00:15:12-07:00,0,0
style.css,34,css,a0429b67,rapatnaik,2025-04-10,00:15:12,-07:00,2025-04-10T00:15:12-07:00,0,13
style.css,35,css,bba8e8d1,rapatnaik,2025-04-10,01:03:38,-07:00,2025-04-10T01:03:38-07:00,1,21
style.css,36,css,a0429b67,rapatnaik,2025-04-10,00:15:12,-07:00,2025-04-10T00:15:12-07:00,1,16
style.css,37,css,a0429b67,rapatnaik,2025-04-10,00:15:12,-07:00,2025-04-10T00:15:12-07:00,1,17
style.css,38,css,bba8e8d1,rapatnaik,2025-04-10,01:03:38,-07:00,2025-04-10T01:03:38-07:00,0,0
style.css,39,css,bba8e8d1,rapatnaik,2025-04-10,01:03:38,-07:00,2025-04-10T01:03:38-07:00,1,43
style.css,40,css,bba8e8d1,rapatnaik,2025-04-10,01:03:38,-07:00,2025-04-10T01:03:38-07:00,1,20
style.css,41,css,bba8e8d1,rapatnaik,2025-04-10,01:03:38,-07:00,2025-04-10T01:03:38-07:00,1,16
style.css,42,css,bba8e8d1,rapatnaik,2025-04-10,01:03:38,-07:00,2025-04-10T01:03:38-07:00,0,0
style.css,43,css,bba8e8d1,rapatnaik,2025-04-10,01:03:38,-07:00,2025-04-10T01:03:38-07:00,0,0
style.css,44,css,bba8e8d1,rapatnaik,2025-04-10,01:03:38,-07:00,2025-04-10T01:03:38-07:00,0,11
style.css,45,css,bba8e8d1,rapatnaik,2025-04-10,01:03:38,-07:00,2025-04-10T01:03:38-07:00,1,45
style.css,46,css,bba8e8d1,rapatnaik,2025-04-10,01:03:38,-07:00,2025-04-10T01:03:38-07:00,1,20
style.css,47,css,198db6dc,rapatnaik,2025-04-18,21:20:24,-07:00,2025-04-18T21:20:24-07:00,1,69
style.css,48,css,bba8e8d1,rapatnaik,2025-04-10,01:03:38,-07:00,2025-04-10T01:03:38-07:00,0,0
style.css,49,css,bba8e8d1,rapatnaik,2025-04-10,01:03:38,-07:00,2025-04-10T01:03:38-07:00,0,0
style.css,50,css,bba8e8d1,rapatnaik,2025-04-10,01:03:38,-07:00,2025-04-10T01:03:38-07:00,0,4
style.css,51,css,bba8e8d1,rapatnaik,2025-04-10,01:03:38,-07:00,2025-04-10T01:03:38-07:00,1,33
style.css,52,css,bba8e8d1,rapatnaik,2025-04-10,01:03:38,-07:00,2025-04-10T01:03:38-07:00,1,32
style.css,53,css,198db6dc,rapatnaik,2025-04-18,21:20:24,-07:00,2025-04-18T21:20:24-07:00,1,23
style.css,54,css,bba8e8d1,rapatnaik,2025-04-10,01:03:38,-07:00,2025-04-10T01:03:38-07:00,0,0
style.css,55,css,bba8e8d1,rapatnaik,2025-04-10,01:03:38,-07:00,2025-04-10T01:03:38-07:00,0,0
style.css,56,css,599d7863,rapatnaik,2025-04-10,01:27:06,-07:00,2025-04-10T01:27:06-07:00,0,4
style.css,57,css,599d7863,rapatnaik,2025-04-10,01:27:06,-07:00,2025-04-10T01:27:06-07:00,0,7
style.css,58,css,599d7863,rapatnaik,2025-04-10,01:27:06,-07:00,2025-04-10T01:27:06-07:00,0,6
style.css,59,css,599d7863,rapatnaik,2025-04-10,01:27:06,-07:00,2025-04-10T01:27:06-07:00,1,12
style.css,60,css,bba8e8d1,rapatnaik,2025-04-10,01:03:38,-07:00,2025-04-10T01:03:38-07:00,0,0
style.css,61,css,bba8e8d1,rapatnaik,2025-04-10,01:03:38,-07:00,2025-04-10T01:03:38-07:00,0,0
style.css,62,css,599d7863,rapatnaik,2025-04-10,01:27:06,-07:00,2025-04-10T01:27:06-07:00,0,8
style.css,63,css,599d7863,rapatnaik,2025-04-10,01:27:06,-07:00,2025-04-10T01:27:06-07:00,1,15
style.css,64,css,bba8e8d1,rapatnaik,2025-04-10,01:03:38,-07:00,2025-04-10T01:03:38-07:00,1,21
style.css,65,css,bba8e8d1,rapatnaik,2025-04-10,01:03:38,-07:00,2025-04-10T01:03:38-07:00,0,0
style.css,66,css,bba8e8d1,rapatnaik,2025-04-10,01:03:38,-07:00,2025-04-10T01:03:38-07:00,0,0
style.css,67,css,599d7863,rapatnaik,2025-04-10,01:27:06,-07:00,2025-04-10T01:27:06-07:00,0,4
style.css,68,css,599d7863,rapatnaik,2025-04-10,01:27:06,-07:00,2025-04-10T01:27:06-07:00,1,12
style.css,69,css,599d7863,rapatnaik,2025-04-10,01:27:06,-07:00,2025-04-10T01:27:06-07:00,1,30
style.css,70,css,599d7863,rapatnaik,2025-04-10,01:27:06,-07:00,2025-04-10T01:27:06-07:00,1,7
style.css,71,css,599d7863,rapatnaik,2025-04-10,01:27:06,-07:00,2025-04-10T01:27:06-07:00,0,0
style.css,72,css,599d7863,rapatnaik,2025-04-10,01:27:06,-07:00,2025-04-10T01:27:06-07:00,0,0
style.css,73,css,bba8e8d1,rapatnaik,2025-04-10,01:03:38,-07:00,2025-04-10T01:03:38-07:00,0,10
style.css,74,css,599d7863,rapatnaik,2025-04-10,01:27:06,-07:00,2025-04-10T01:27:06-07:00,1,12
style.css,75,css,599d7863,rapatnaik,2025-04-10,01:27:06,-07:00,2025-04-10T01:27:06-07:00,1,29
style.css,76,css,599d7863,rapatnaik,2025-04-10,01:27:06,-07:00,2025-04-10T01:27:06-07:00,1,18
style.css,77,css,599d7863,rapatnaik,2025-04-10,01:27:06,-07:00,2025-04-10T01:27:06-07:00,0,0
style.css,78,css,599d7863,rapatnaik,2025-04-10,01:27:06,-07:00,2025-04-10T01:27:06-07:00,0,0
style.css,79,css,599d7863,rapatnaik,2025-04-10,01:27:06,-07:00,2025-04-10T01:27:06-07:00,0,9
style.css,80,css,599d7863,rapatnaik,2025-04-10,01:27:06,-07:00,2025-04-10T01:27:06-07:00,1,12
style.css,81,css,599d7863,rapatnaik,2025-04-10,01:27:06,-07:00,2025-04-10T01:27:06-07:00,1,58
style.css,82,css,599d7863,rapatnaik,2025-04-10,01:27:06,-07:00,2025-04-10T01:27:06-07:00,1,7
style.css,83,css,599d7863,rapatnaik,2025-04-10,01:27:06,-07:00,2025-04-10T01:27:06-07:00,0,0
style.css,84,css,599d7863,rapatnaik,2025-04-10,01:27:06,-07:00,2025-04-10T01:27:06-07:00,0,0
style.css,85,css,599d7863,rapatnaik,2025-04-10,01:27:06,-07:00,2025-04-10T01:27:06-07:00,0,17
style.css,86,css,599d7863,rapatnaik,2025-04-10,01:27:06,-07:00,2025-04-10T01:27:06-07:00,1,12
style.css,87,css,599d7863,rapatnaik,2025-04-10,01:27:06,-07:00,2025-04-10T01:27:06-07:00,1,26
style.css,88,css,599d7863,rapatnaik,2025-04-10,01:27:06,-07:00,2025-04-10T01:27:06-07:00,1,15
style.css,89,css,599d7863,rapatnaik,2025-04-10,01:27:06,-07:00,2025-04-10T01:27:06-07:00,0,0
style.css,90,css,599d7863,rapatnaik,2025-04-10,01:27:06,-07:00,2025-04-10T01:27:06-07:00,0,0
style.css,91,css,599d7863,rapatnaik,2025-04-10,01:27:06,-07:00,2025-04-10T01:27:06-07:00,0,20
style.css,92,css,599d7863,rapatnaik,2025-04-10,01:27:06,-07:00,2025-04-10T01:27:06-07:00,1,8
style.css,93,css,599d7863,rapatnaik,2025-04-10,01:27:06,-07:00,2025-04-10T01:27:06-07:00,0,0
style.css,94,css,599d7863,rapatnaik,2025-04-10,01:27:06,-07:00,2025-04-10T01:27:06-07:00,0,0
style.css,95,css,599d7863,rapatnaik,2025-04-10,01:27:06,-07:00,2025-04-10T01:27:06-07:00,0,2
style.css,96,css,599d7863,rapatnaik,2025-04-10,01:27:06,-07:00,2025-04-10T01:27:06-07:00,1,14
style.css,97,css,bba8e8d1,rapatnaik,2025-04-10,01:03:38,-07:00,2025-04-10T01:03:38-07:00,0,0
style.css,98,css,bba8e8d1,rapatnaik,2025-04-10,01:03:38,-07:00,2025-04-10T01:03:38-07:00,0,0
style.css,99,css,599d7863,rapatnaik,2025-04-10,01:27:06,-07:00,2025-04-10T01:27:06-07:00,0,22
style.css,100,css,599d7863,rapatnaik,2025-04-10,01:27:06,-07:00,2025-04-10T01:27:06-07:00,1,15
style.css,101,css,599d7863,rapatnaik,2025-04-10,01:27:06,-07:00,2025-04-10T01:27:06-07:00,1,17
style.css,102,css,7ab1a2f1,rapatnaik,2025-04-11,17:22:57,-07:00,2025-04-11T17:22:57-07:00,0,0
style.css,103,css,7ab1a2f1,rapatnaik,2025-04-11,17:22:57,-07:00,2025-04-11T17:22:57-07:00,0,0
style.css,104,css,7ab1a2f1,rapatnaik,2025-04-11,17:22:57,-07:00,2025-04-11T17:22:57-07:00,0,2
style.css,105,css,7ab1a2f1,rapatnaik,2025-04-11,17:22:57,-07:00,2025-04-11T17:22:57-07:00,1,16
style.css,106,css,7ab1a2f1,rapatnaik,2025-04-11,17:22:57,-07:00,2025-04-11T17:22:57-07:00,1,15
style.css,107,css,7ab1a2f1,rapatnaik,2025-04-11,17:22:57,-07:00,2025-04-11T17:22:57-07:00,1,20
style.css,108,css,7ab1a2f1,rapatnaik,2025-04-11,17:22:57,-07:00,2025-04-11T17:22:57-07:00,1,43
style.css,109,css,7ab1a2f1,rapatnaik,2025-04-11,17:22:57,-07:00,2025-04-11T17:22:57-07:00,1,22
style.css,110,css,7ab1a2f1,rapatnaik,2025-04-11,17:22:57,-07:00,2025-04-11T17:22:57-07:00,1,24
style.css,111,css,7ab1a2f1,rapatnaik,2025-04-11,17:22:57,-07:00,2025-04-11T17:22:57-07:00,1,18
style.css,112,css,7ab1a2f1,rapatnaik,2025-04-11,17:22:57,-07:00,2025-04-11T17:22:57-07:00,0,0
style.css,113,css,7ab1a2f1,rapatnaik,2025-04-11,17:22:57,-07:00,2025-04-11T17:22:57-07:00,0,0
style.css,114,css,7ab1a2f1,rapatnaik,2025-04-11,17:22:57,-07:00,2025-04-11T17:22:57-07:00,0,2
style.css,115,css,7ab1a2f1,rapatnaik,2025-04-11,17:22:57,-07:00,2025-04-11T17:22:57-07:00,1,23
style.css,116,css,7ab1a2f1,rapatnaik,2025-04-11,17:22:57,-07:00,2025-04-11T17:22:57-07:00,1,16
style.css,117,css,7ab1a2f1,rapatnaik,2025-04-11,17:22:57,-07:00,2025-04-11T17:22:57-07:00,1,15
style.css,118,css,7ab1a2f1,rapatnaik,2025-04-11,17:22:57,-07:00,2025-04-11T17:22:57-07:00,0,0
style.css,119,css,7ab1a2f1,rapatnaik,2025-04-11,17:22:57,-07:00,2025-04-11T17:22:57-07:00,0,0
style.css,120,css,7ab1a2f1,rapatnaik,2025-04-11,17:22:57,-07:00,2025-04-11T17:22:57-07:00,0,4
style.css,121,css,7ab1a2f1,rapatnaik,2025-04-11,17:22:57,-07:00,2025-04-11T17:22:57-07:00,1,17
style.css,122,css,7ab1a2f1,rapatnaik,2025-04-11,17:22:57,-07:00,2025-04-11T17:22:57-07:00,1,10
style.css,123,css,7ab1a2f1,rapatnaik,2025-04-11,17:22:57,-07:00,2025-04-11T17:22:57-07:00,0,0
style.css,124,css,7ab1a2f1,rapatnaik,2025-04-11,17:22:57,-07:00,2025-04-11T17:22:57-07:00,0,0
style.css,125,css,7ab1a2f1,rapatnaik,2025-04-11,17:22:57,-07:00,2025-04-11T17:22:57-07:00,0,9
style.css,126,css,7ab1a2f1,rapatnaik,2025-04-11,17:22:57,-07:00,2025-04-11T17:22:57-07:00,1,24
style.css,127,css,7ab1a2f1,rapatnaik,2025-04-11,17:22:57,-07:00,2025-04-11T17:22:57-07:00,0,0
style.css,128,css,7ab1a2f1,rapatnaik,2025-04-11,17:22:57,-07:00,2025-04-11T17:22:57-07:00,0,0
style.css,129,css,7ab1a2f1,rapatnaik,2025-04-11,17:22:57,-07:00,2025-04-11T17:22:57-07:00,0,2
style.css,130,css,7ab1a2f1,rapatnaik,2025-04-11,17:22:57,-07:00,2025-04-11T17:22:57-07:00,1,51
style.css,131,css,7ab1a2f1,rapatnaik,2025-04-11,17:22:57,-07:00,2025-04-11T17:22:57-07:00,0,0
style.css,132,css,7ab1a2f1,rapatnaik,2025-04-11,17:22:57,-07:00,2025-04-11T17:22:57-07:00,0,0
style.css,133,css,7ab1a2f1,rapatnaik,2025-04-11,17:22:57,-07:00,2025-04-11T17:22:57-07:00,0,5
style.css,134,css,7ab1a2f1,rapatnaik,2025-04-11,17:22:57,-07:00,2025-04-11T17:22:57-07:00,1,47
style.css,135,css,7ab1a2f1,rapatnaik,2025-04-11,17:22:57,-07:00,2025-04-11T17:22:57-07:00,1,51
style.css,136,css,7ab1a2f1,rapatnaik,2025-04-11,17:22:57,-07:00,2025-04-11T17:22:57-07:00,0,0
style.css,137,css,7ab1a2f1,rapatnaik,2025-04-11,17:22:57,-07:00,2025-04-11T17:22:57-07:00,0,0
style.css,138,css,7ab1a2f1,rapatnaik,2025-04-11,17:22:57,-07:00,2025-04-11T17:22:57-07:00,0,13
style.css,139,css,7ab1a2f1,rapatnaik,2025-04-11,17:22:57,-07:00,2025-04-11T17:22:57-07:00,1,57
style.css,140,css,7ab1a2f1,rapatnaik,2025-04-11,17:22:57,-07:00,2025-04-11T17:22:57-07:00,0,0
style.css,141,css,7ab1a2f1,rapatnaik,2025-04-11,17:22:57,-07:00,2025-04-11T17:22:57-07:00,0,0
style.css,142,css,c115bd51,rapatnaik,2025-04-18,22:11:57,-07:00,2025-04-18T22:11:57-07:00,0,0
style.css,143,css,7ab1a2f1,rapatnaik,2025-04-11,17:22:57,-07:00,2025-04-11T17:22:57-07:00,0,7
style.css,144,css,7ab1a2f1,rapatnaik,2025-04-11,17:22:57,-07:00,2025-04-11T17:22:57-07:00,1,20
style.css,145,css,c115bd51,rapatnaik,2025-04-18,22:11:57,-07:00,2025-04-18T22:11:57-07:00,1,69
style.css,146,css,7ab1a2f1,rapatnaik,2025-04-11,17:22:57,-07:00,2025-04-11T17:22:57-07:00,1,17
style.css,147,css,7ab1a2f1,rapatnaik,2025-04-11,17:22:57,-07:00,2025-04-11T17:22:57-07:00,1,18
style.css,148,css,7ab1a2f1,rapatnaik,2025-04-11,17:22:57,-07:00,2025-04-11T17:22:57-07:00,1,40
style.css,149,css,7ab1a2f1,rapatnaik,2025-04-11,17:22:57,-07:00,2025-04-11T17:22:57-07:00,0,0
style.css,150,css,7ab1a2f1,rapatnaik,2025-04-11,17:22:57,-07:00,2025-04-11T17:22:57-07:00,0,0
style.css,151,css,7ab1a2f1,rapatnaik,2025-04-11,17:22:57,-07:00,2025-04-11T17:22:57-07:00,0,7
style.css,152,css,7ab1a2f1,rapatnaik,2025-04-11,17:22:57,-07:00,2025-04-11T17:22:57-07:00,1,25
style.css,153,css,7ab1a2f1,rapatnaik,2025-04-11,17:22:57,-07:00,2025-04-11T17:22:57-07:00,1,41
style.css,154,css,7ab1a2f1,rapatnaik,2025-04-11,17:22:57,-07:00,2025-04-11T17:22:57-07:00,0,0
style.css,155,css,7ab1a2f1,rapatnaik,2025-04-11,17:22:57,-07:00,2025-04-11T17:22:57-07:00,0,0
style.css,156,css,7ab1a2f1,rapatnaik,2025-04-11,17:22:57,-07:00,2025-04-11T17:22:57-07:00,0,7
style.css,157,css,7ab1a2f1,rapatnaik,2025-04-11,17:22:57,-07:00,2025-04-11T17:22:57-07:00,1,30
style.css,158,css,7ab1a2f1,rapatnaik,2025-04-11,17:22:57,-07:00,2025-04-11T17:22:57-07:00,0,0
style.css,159,css,7ab1a2f1,rapatnaik,2025-04-11,17:22:57,-07:00,2025-04-11T17:22:57-07:00,0,0
style.css,160,css,7ab1a2f1,rapatnaik,2025-04-11,17:22:57,-07:00,2025-04-11T17:22:57-07:00,0,13
style.css,161,css,7ab1a2f1,rapatnaik,2025-04-11,17:22:57,-07:00,2025-04-11T17:22:57-07:00,1,21
style.css,162,css,7ab1a2f1,rapatnaik,2025-04-11,17:22:57,-07:00,2025-04-11T17:22:57-07:00,1,41
style.css,163,css,7ab1a2f1,rapatnaik,2025-04-11,17:22:57,-07:00,2025-04-11T17:22:57-07:00,0,0
style.css,164,css,7ab1a2f1,rapatnaik,2025-04-11,17:22:57,-07:00,2025-04-11T17:22:57-07:00,0,0
style.css,165,css,198db6dc,rapatnaik,2025-04-18,21:20:24,-07:00,2025-04-18T21:20:24-07:00,0,13
style.css,166,css,198db6dc,rapatnaik,2025-04-18,21:20:24,-07:00,2025-04-18T21:20:24-07:00,1,17
style.css,167,css,198db6dc,rapatnaik,2025-04-18,21:20:24,-07:00,2025-04-18T21:20:24-07:00,1,8
style.css,168,css,198db6dc,rapatnaik,2025-04-18,21:20:24,-07:00,2025-04-18T21:20:24-07:00,1,10
style.css,169,css,198db6dc,rapatnaik,2025-04-18,21:20:24,-07:00,2025-04-18T21:20:24-07:00,1,13
style.css,170,css,198db6dc,rapatnaik,2025-04-18,21:20:24,-07:00,2025-04-18T21:20:24-07:00,1,19
style.css,171,css,32408f7f,rapatnaik,2025-04-25,23:08:40,-07:00,2025-04-25T23:08:40-07:00,0,0
style.css,172,css,32408f7f,rapatnaik,2025-04-25,23:08:40,-07:00,2025-04-25T23:08:40-07:00,0,0
style.css,173,css,32408f7f,rapatnaik,2025-04-25,23:08:40,-07:00,2025-04-25T23:08:40-07:00,0,16
style.css,174,css,32408f7f,rapatnaik,2025-04-25,23:08:40,-07:00,2025-04-25T23:08:40-07:00,1,10
style.css,175,css,32408f7f,rapatnaik,2025-04-25,23:08:40,-07:00,2025-04-25T23:08:40-07:00,1,15
style.css,176,css,32408f7f,rapatnaik,2025-04-25,23:08:40,-07:00,2025-04-25T23:08:40-07:00,1,24
style.css,177,css,32408f7f,rapatnaik,2025-04-25,23:08:40,-07:00,2025-04-25T23:08:40-07:00,1,24
style.css,178,css,32408f7f,rapatnaik,2025-04-25,23:08:40,-07:00,2025-04-25T23:08:40-07:00,1,21
style.css,179,css,32408f7f,rapatnaik,2025-04-25,23:08:40,-07:00,2025-04-25T23:08:40-07:00,1,17
style.css,180,css,32408f7f,rapatnaik,2025-04-25,23:08:40,-07:00,2025-04-25T23:08:40-07:00,0,0
style.css,181,css,32408f7f,rapatnaik,2025-04-25,23:08:40,-07:00,2025-04-25T23:08:40-07:00,0,0
style.css,182,css,32408f7f,rapatnaik,2025-04-25,23:08:40,-07:00,2025-04-25T23:08:40-07:00,0,16
style.css,183,css,32408f7f,rapatnaik,2025-04-25,23:08:40,-07:00,2025-04-25T23:08:40-07:00,1,10
style.css,184,css,32408f7f,rapatnaik,2025-04-25,23:08:40,-07:00,2025-04-25T23:08:40-07:00,1,16
style.css,185,css,32408f7f,rapatnaik,2025-04-25,23:08:40,-07:00,2025-04-25T23:08:40-07:00,1,15
style.css,186,css,32408f7f,rapatnaik,2025-04-25,23:08:40,-07:00,2025-04-25T23:08:40-07:00,1,8
style.css,187,css,32408f7f,rapatnaik,2025-04-25,23:08:40,-07:00,2025-04-25T23:08:40-07:00,1,33
style.css,188,css,32408f7f,rapatnaik,2025-04-25,23:08:40,-07:00,2025-04-25T23:08:40-07:00,0,0
style.css,189,css,32408f7f,rapatnaik,2025-04-25,23:08:40,-07:00,2025-04-25T23:08:40-07:00,0,0
style.css,190,css,32408f7f,rapatnaik,2025-04-25,23:08:40,-07:00,2025-04-25T23:08:40-07:00,0,13
style.css,191,css,32408f7f,rapatnaik,2025-04-25,23:08:40,-07:00,2025-04-25T23:08:40-07:00,1,12
style.css,192,css,32408f7f,rapatnaik,2025-04-25,23:08:40,-07:00,2025-04-25T23:08:40-07:00,1,36
style.css,193,css,32408f7f,rapatnaik,2025-04-25,23:08:40,-07:00,2025-04-25T23:08:40-07:00,1,17
style.css,194,css,32408f7f,rapatnaik,2025-04-25,23:08:40,-07:00,2025-04-25T23:08:40-07:00,1,15
style.css,195,css,32408f7f,rapatnaik,2025-04-25,23:08:40,-07:00,2025-04-25T23:08:40-07:00,1,15
style.css,196,css,32408f7f,rapatnaik,2025-04-25,23:08:40,-07:00,2025-04-25T23:08:40-07:00,1,18
style.css,197,css,32408f7f,rapatnaik,2025-04-25,23:08:40,-07:00,2025-04-25T23:08:40-07:00,0,0
style.css,198,css,32408f7f,rapatnaik,2025-04-25,23:08:40,-07:00,2025-04-25T23:08:40-07:00,0,0
style.css,199,css,32408f7f,rapatnaik,2025-04-25,23:08:40,-07:00,2025-04-25T23:08:40-07:00,0,21
style.css,200,css,32408f7f,rapatnaik,2025-04-25,23:08:40,-07:00,2025-04-25T23:08:40-07:00,1,10
style.css,201,css,32408f7f,rapatnaik,2025-04-25,23:08:40,-07:00,2025-04-25T23:08:40-07:00,1,48
style.css,202,css,32408f7f,rapatnaik,2025-04-25,23:08:40,-07:00,2025-04-25T23:08:40-07:00,1,16
style.css,203,css,32408f7f,rapatnaik,2025-04-25,23:08:40,-07:00,2025-04-25T23:08:40-07:00,1,17
style.css,204,css,32408f7f,rapatnaik,2025-04-25,23:08:40,-07:00,2025-04-25T23:08:40-07:00,0,0
style.css,205,css,f629ba12,rapatnaik,2025-05-01,02:57:22,-07:00,2025-05-01T02:57:22-07:00,0,0
style.css,206,css,f629ba12,rapatnaik,2025-05-01,02:57:22,-07:00,2025-05-01T02:57:22-07:00,0,18
style.css,207,css,f629ba12,rapatnaik,2025-05-01,02:57:22,-07:00,2025-05-01T02:57:22-07:00,1,14
style.css,208,css,f629ba12,rapatnaik,2025-05-01,02:57:22,-07:00,2025-05-01T02:57:22-07:00,1,16
style.css,209,css,a526c640,rapatnaik,2025-05-01,22:32:06,-07:00,2025-05-01T22:32:06-07:00,1,13
style.css,210,css,f629ba12,rapatnaik,2025-05-01,02:57:22,-07:00,2025-05-01T02:57:22-07:00,0,0
style.css,211,css,f629ba12,rapatnaik,2025-05-01,02:57:22,-07:00,2025-05-01T02:57:22-07:00,1,16
style.css,212,css,a526c640,rapatnaik,2025-05-01,22:32:06,-07:00,2025-05-01T22:32:06-07:00,0,0
style.css,213,css,a526c640,rapatnaik,2025-05-01,22:32:06,-07:00,2025-05-01T22:32:06-07:00,0,0
style.css,214,css,a526c640,rapatnaik,2025-05-01,22:32:06,-07:00,2025-05-01T22:32:06-07:00,0,7
style.css,215,css,a526c640,rapatnaik,2025-05-01,22:32:06,-07:00,2025-05-01T22:32:06-07:00,1,12
style.css,216,css,a526c640,rapatnaik,2025-05-01,22:32:06,-07:00,2025-05-01T22:32:06-07:00,1,6
style.css,217,css,a526c640,rapatnaik,2025-05-01,22:32:06,-07:00,2025-05-01T22:32:06-07:00,1,57
style.css,218,css,a526c640,rapatnaik,2025-05-01,22:32:06,-07:00,2025-05-01T22:32:06-07:00,1,13
style.css,219,css,a526c640,rapatnaik,2025-05-01,22:32:06,-07:00,2025-05-01T22:32:06-07:00,1,15
style.css,220,css,a526c640,rapatnaik,2025-05-01,22:32:06,-07:00,2025-05-01T22:32:06-07:00,1,11
style.css,221,css,a526c640,rapatnaik,2025-05-01,22:32:06,-07:00,2025-05-01T22:32:06-07:00,1,34
style.css,222,css,a526c640,rapatnaik,2025-05-01,22:32:06,-07:00,2025-05-01T22:32:06-07:00,1,75
style.css,223,css,a526c640,rapatnaik,2025-05-01,22:32:06,-07:00,2025-05-01T22:32:06-07:00,0,0
style.css,224,css,a526c640,rapatnaik,2025-05-01,22:32:06,-07:00,2025-05-01T22:32:06-07:00,0,0
style.css,225,css,a526c640,rapatnaik,2025-05-01,22:32:06,-07:00,2025-05-01T22:32:06-07:00,0,12
style.css,226,css,a526c640,rapatnaik,2025-05-01,22:32:06,-07:00,2025-05-01T22:32:06-07:00,1,12
style.css,227,css,a526c640,rapatnaik,2025-05-01,22:32:06,-07:00,2025-05-01T22:32:06-07:00,1,18
style.css,228,css,a526c640,rapatnaik,2025-05-01,22:32:06,-07:00,2025-05-01T22:32:06-07:00,1,9
style.css,229,css,a526c640,rapatnaik,2025-05-01,22:32:06,-07:00,2025-05-01T22:32:06-07:00,1,16
style.css,230,css,a526c640,rapatnaik,2025-05-01,22:32:06,-07:00,2025-05-01T22:32:06-07:00,0,0
style.css,231,css,a526c640,rapatnaik,2025-05-01,22:32:06,-07:00,2025-05-01T22:32:06-07:00,0,0
style.css,232,css,a526c640,rapatnaik,2025-05-01,22:32:06,-07:00,2025-05-01T22:32:06-07:00,0,15
style.css,233,css,a526c640,rapatnaik,2025-05-01,22:32:06,-07:00,2025-05-01T22:32:06-07:00,1,9
style.css,234,css,a526c640,rapatnaik,2025-05-01,22:32:06,-07:00,2025-05-01T22:32:06-07:00,1,10
style.css,235,css,a526c640,rapatnaik,2025-05-01,22:32:06,-07:00,2025-05-01T22:32:06-07:00,1,29
style.css,236,css,a526c640,rapatnaik,2025-05-01,22:32:06,-07:00,2025-05-01T22:32:06-07:00,1,20
style.css,237,css,a526c640,rapatnaik,2025-05-01,22:32:06,-07:00,2025-05-01T22:32:06-07:00,1,18
style.css,238,css,a526c640,rapatnaik,2025-05-01,22:32:06,-07:00,2025-05-01T22:32:06-07:00,1,43
style.css,239,css,a526c640,rapatnaik,2025-05-01,22:32:06,-07:00,2025-05-01T22:32:06-07:00,1,13
style.css,240,css,a526c640,rapatnaik,2025-05-01,22:32:06,-07:00,2025-05-01T22:32:06-07:00,0,0
style.css,241,css,a526c640,rapatnaik,2025-05-01,22:32:06,-07:00,2025-05-01T22:32:06-07:00,0,0
style.css,242,css,a526c640,rapatnaik,2025-05-01,22:32:06,-07:00,2025-05-01T22:32:06-07:00,0,10
style.css,243,css,a526c640,rapatnaik,2025-05-01,22:32:06,-07:00,2025-05-01T22:32:06-07:00,1,12
style.css,244,css,a526c640,rapatnaik,2025-05-01,22:32:06,-07:00,2025-05-01T22:32:06-07:00,1,18
style.css,245,css,a526c640,rapatnaik,2025-05-01,22:32:06,-07:00,2025-05-01T22:32:06-07:00,1,61
style.css,246,css,a526c640,rapatnaik,2025-05-01,22:32:06,-07:00,2025-05-01T22:32:06-07:00,1,60
style.css,247,css,a526c640,rapatnaik,2025-05-01,22:32:06,-07:00,2025-05-01T22:32:06-07:00,1,14
style.css,248,css,a526c640,rapatnaik,2025-05-01,22:32:06,-07:00,2025-05-01T22:32:06-07:00,0,0
style.css,249,css,a526c640,rapatnaik,2025-05-01,22:32:06,-07:00,2025-05-01T22:32:06-07:00,0,0
style.css,250,css,a526c640,rapatnaik,2025-05-01,22:32:06,-07:00,2025-05-01T22:32:06-07:00,0,16
style.css,251,css,a526c640,rapatnaik,2025-05-01,22:32:06,-07:00,2025-05-01T22:32:06-07:00,0,23
style.css,252,css,a526c640,rapatnaik,2025-05-01,22:32:06,-07:00,2025-05-01T22:32:06-07:00,1,29
style.css,253,css,a526c640,rapatnaik,2025-05-01,22:32:06,-07:00,2025-05-01T22:32:06-07:00,0,0
style.css,254,css,a526c640,rapatnaik,2025-05-01,22:32:06,-07:00,2025-05-01T22:32:06-07:00,0,0
style.css,255,css,a526c640,rapatnaik,2025-05-01,22:32:06,-07:00,2025-05-01T22:32:06-07:00,0,26
style.css,256,css,a526c640,rapatnaik,2025-05-01,22:32:06,-07:00,2025-05-01T22:32:06-07:00,0,12
style.css,257,css,a526c640,rapatnaik,2025-05-01,22:32:06,-07:00,2025-05-01T22:32:06-07:00,1,11
style.css,258,css,a526c640,rapatnaik,2025-05-01,22:32:06,-07:00,2025-05-01T22:32:06-07:00,0,0
style.css,259,css,a526c640,rapatnaik,2025-05-01,22:32:06,-07:00,2025-05-01T22:32:06-07:00,0,0
style.css,260,css,a526c640,rapatnaik,2025-05-01,22:32:06,-07:00,2025-05-01T22:32:06-07:00,0,26
style.css,261,css,a526c640,rapatnaik,2025-05-01,22:32:06,-07:00,2025-05-01T22:32:06-07:00,0,18
style.css,262,css,a526c640,rapatnaik,2025-05-01,22:32:06,-07:00,2025-05-01T22:32:06-07:00,1,9
style.css,263,css,a526c640,rapatnaik,2025-05-01,22:32:06,-07:00,2025-05-01T22:32:06-07:00,0,0
style.css,264,css,a526c640,rapatnaik,2025-05-01,22:32:06,-07:00,2025-05-01T22:32:06-07:00,0,0
style.css,265,css,a526c640,rapatnaik,2025-05-01,22:32:06,-07:00,2025-05-01T22:32:06-07:00,0,9
style.css,266,css,a526c640,rapatnaik,2025-05-01,22:32:06,-07:00,2025-05-01T22:32:06-07:00,1,35
style.css,267,css,a526c640,rapatnaik,2025-05-01,22:32:06,-07:00,2025-05-01T22:32:06-07:00,0,0
style.css,268,css,a526c640,rapatnaik,2025-05-01,22:32:06,-07:00,2025-05-01T22:32:06-07:00,0,0
style.css,269,css,a526c640,rapatnaik,2025-05-01,22:32:06,-07:00,2025-05-01T22:32:06-07:00,0,32
style.css,270,css,a526c640,rapatnaik,2025-05-01,22:32:06,-07:00,2025-05-01T22:32:06-07:00,1,17
style.css,271,css,a526c640,rapatnaik,2025-05-01,22:32:06,-07:00,2025-05-01T22:32:06-07:00,0,0
style.css,272,css,a526c640,rapatnaik,2025-05-01,22:32:06,-07:00,2025-05-01T22:32:06-07:00,0,0
style.css,273,css,a526c640,rapatnaik,2025-05-01,22:32:06,-07:00,2025-05-01T22:32:06-07:00,0,29
style.css,274,css,a526c640,rapatnaik,2025-05-01,22:32:06,-07:00,2025-05-01T22:32:06-07:00,1,29
style.css,275,css,a526c640,rapatnaik,2025-05-01,22:32:06,-07:00,2025-05-01T22:32:06-07:00,0,0
style.css,276,css,a526c640,rapatnaik,2025-05-01,22:32:06,-07:00,2025-05-01T22:32:06-07:00,0,0
style.css,277,css,a526c640,rapatnaik,2025-05-01,22:32:06,-07:00,2025-05-01T22:32:06-07:00,0,4
style.css,278,css,a526c640,rapatnaik,2025-05-01,22:32:06,-07:00,2025-05-01T22:32:06-07:00,1,14
style.css,279,css,f629ba12,rapatnaik,2025-05-01,02:57:22,-07:00,2025-05-01T02:57:22-07:00,0,0
index.js,1,js,32408f7f,rapatnaik,2025-04-25,23:08:40,-07:00,2025-04-25T23:08:40-07:00,0,71
index.js,2,js,36ab6dc9,rapatnaik,2025-04-25,20:28:42,-07:00,2025-04-25T20:28:42-07:00,0,0
index.js,3,js,36ab6dc9,rapatnaik,2025-04-25,20:28:42,-07:00,2025-04-25T20:28:42-07:00,0,54
index.js,4,js,36ab6dc9,rapatnaik,2025-04-25,20:28:42,-07:00,2025-04-25T20:28:42-07:00,0,42
index.js,5,js,36ab6dc9,rapatnaik,2025-04-25,20:28:42,-07:00,2025-04-25T20:28:42-07:00,0,0
index.js,6,js,32408f7f,rapatnaik,2025-04-25,23:08:40,-07:00,2025-04-25T23:08:40-07:00,0,0
index.js,7,js,36ab6dc9,rapatnaik,2025-04-25,20:28:42,-07:00,2025-04-25T20:28:42-07:00,0,60
index.js,8,js,36ab6dc9,rapatnaik,2025-04-25,20:28:42,-07:00,2025-04-25T20:28:42-07:00,0,0
index.js,9,js,32408f7f,rapatnaik,2025-04-25,23:08:40,-07:00,2025-04-25T23:08:40-07:00,0,54
index.js,10,js,32408f7f,rapatnaik,2025-04-25,23:08:40,-07:00,2025-04-25T23:08:40-07:00,0,0
index.js,11,js,32408f7f,rapatnaik,2025-04-25,23:08:40,-07:00,2025-04-25T23:08:40-07:00,0,60
index.js,12,js,32408f7f,rapatnaik,2025-04-25,23:08:40,-07:00,2025-04-25T23:08:40-07:00,0,0
index.js,13,js,32408f7f,rapatnaik,2025-04-25,23:08:40,-07:00,2025-04-25T23:08:40-07:00,0,52
index.js,14,js,32408f7f,rapatnaik,2025-04-25,23:08:40,-07:00,2025-04-25T23:08:40-07:00,0,0
index.js,15,js,32408f7f,rapatnaik,2025-04-25,23:08:40,-07:00,2025-04-25T23:08:40-07:00,0,37
index.js,16,js,32408f7f,rapatnaik,2025-04-25,23:08:40,-07:00,2025-04-25T23:08:40-07:00,0,0
index.js,17,js,32408f7f,rapatnaik,2025-04-25,23:08:40,-07:00,2025-04-25T23:08:40-07:00,0,31
index.js,18,js,32408f7f,rapatnaik,2025-04-25,23:08:40,-07:00,2025-04-25T23:08:40-07:00,2,24
index.js,19,js,32408f7f,rapatnaik,2025-04-25,23:08:40,-07:00,2025-04-25T23:08:40-07:00,3,48
index.js,20,js,32408f7f,rapatnaik,2025-04-25,23:08:40,-07:00,2025-04-25T23:08:40-07:00,3,48
index.js,21,js,32408f7f,rapatnaik,2025-04-25,23:08:40,-07:00,2025-04-25T23:08:40-07:00,3,54
index.js,22,js,32408f7f,rapatnaik,2025-04-25,23:08:40,-07:00,2025-04-25T23:08:40-07:00,3,54
index.js,23,js,32408f7f,rapatnaik,2025-04-25,23:08:40,-07:00,2025-04-25T23:08:40-07:00,2,0
index.js,24,js,32408f7f,rapatnaik,2025-04-25,23:08:40,-07:00,2025-04-25T23:08:40-07:00,0,0
index.js,25,js,32408f7f,rapatnaik,2025-04-25,23:08:40,-07:00,2025-04-25T23:08:40-07:00,1,0
index.html,1,html,141d46f9,rapatnaik,2025-04-04,02:19:03,-07:00,2025-04-04T02:19:03-07:00,0,13
index.html,2,html,141d46f9,rapatnaik,2025-04-04,02:19:03,-07:00,2025-04-04T02:19:03-07:00,0,14
index.html,3,html,141d46f9,rapatnaik,2025-04-04,02:19:03,-07:00,2025-04-04T02:19:03-07:00,0,4
index.html,4,html,141d46f9,rapatnaik,2025-04-04,02:19:03,-07:00,2025-04-04T02:19:03-07:00,2,20
index.html,5,html,141d46f9,rapatnaik,2025-04-04,02:19:03,-07:00,2025-04-04T02:19:03-07:00,2,68
index.html,6,html,141d46f9,rapatnaik,2025-04-04,02:19:03,-07:00,2025-04-04T02:19:03-07:00,2,57
index.html,7,html,3f551dec,rapatnaik,2025-04-04,14:33:23,-07:00,2025-04-04T14:33:23-07:00,2,38
index.html,8,html,198db6dc,rapatnaik,2025-04-18,21:20:24,-07:00,2025-04-18T21:20:24-07:00,2,45
index.html,9,html,599d7863,rapatnaik,2025-04-10,01:27:06,-07:00,2025-04-10T01:27:06-07:00,0,5
index.html,10,html,599d7863,rapatnaik,2025-04-10,01:27:06,-07:00,2025-04-10T01:27:06-07:00,0,4
index.html,11,html,198db6dc,rapatnaik,2025-04-18,21:20:24,-07:00,2025-04-18T21:20:24-07:00,2,8
index.html,12,html,198db6dc,rapatnaik,2025-04-18,21:20:24,-07:00,2025-04-18T21:20:24-07:00,4,27
index.html,13,html,a0429b67,rapatnaik,2025-04-10,00:15:12,-07:00,2025-04-10T00:15:12-07:00,4,40
index.html,14,html,a0429b67,rapatnaik,2025-04-10,00:15:12,-07:00,2025-04-10T00:15:12-07:00,4,38
index.html,15,html,a0429b67,rapatnaik,2025-04-10,00:15:12,-07:00,2025-04-10T00:15:12-07:00,4,36
index.html,16,html,a0429b67,rapatnaik,2025-04-10,00:15:12,-07:00,2025-04-10T00:15:12-07:00,4,63
index.html,17,html,198db6dc,rapatnaik,2025-04-18,21:20:24,-07:00,2025-04-18T21:20:24-07:00,2,8
index.html,18,html,599d7863,rapatnaik,2025-04-10,01:27:06,-07:00,2025-04-10T01:27:06-07:00,2,0
index.html,19,html,141d46f9,rapatnaik,2025-04-04,02:19:03,-07:00,2025-04-04T02:19:03-07:00,2,22
index.html,20,html,141d46f9,rapatnaik,2025-04-04,02:19:03,-07:00,2025-04-04T02:19:03-07:00,2,1
index.html,21,html,141d46f9,rapatnaik,2025-04-04,02:19:03,-07:00,2025-04-04T02:19:03-07:00,4,99
index.html,22,html,141d46f9,rapatnaik,2025-04-04,02:19:03,-07:00,2025-04-04T02:19:03-07:00,4,100
index.html,23,html,141d46f9,rapatnaik,2025-04-04,02:19:03,-07:00,2025-04-04T02:19:03-07:00,4,102
index.html,24,html,141d46f9,rapatnaik,2025-04-04,02:19:03,-07:00,2025-04-04T02:19:03-07:00,4,102
index.html,25,html,141d46f9,rapatnaik,2025-04-04,02:19:03,-07:00,2025-04-04T02:19:03-07:00,4,95
index.html,26,html,141d46f9,rapatnaik,2025-04-04,02:19:03,-07:00,2025-04-04T02:19:03-07:00,2,2
index.html,27,html,04a062f1,rapatnaik,2025-04-04,14:28:01,-07:00,2025-04-04T14:28:01-07:00,2,65
index.html,28,html,835de138,rapatnaik,2025-04-04,14:29:19,-07:00,2025-04-04T14:29:19-07:00,2,19
index.html,29,html,36ab6dc9,rapatnaik,2025-04-25,20:28:42,-07:00,2025-04-25T20:28:42-07:00,0,0
index.html,30,html,36ab6dc9,rapatnaik,2025-04-25,20:28:42,-07:00,2025-04-25T20:28:42-07:00,2,22
index.html,31,html,36ab6dc9,rapatnaik,2025-04-25,20:28:42,-07:00,2025-04-25T20:28:42-07:00,2,20
index.html,32,html,36ab6dc9,rapatnaik,2025-04-25,20:28:42,-07:00,2025-04-25T20:28:42-07:00,4,49
index.html,33,html,36ab6dc9,rapatnaik,2025-04-25,20:28:42,-07:00,2025-04-25T20:28:42-07:00,2,4
index.html,34,html,32408f7f,rapatnaik,2025-04-25,23:08:40,-07:00,2025-04-25T23:08:40-07:00,0,0
index.html,35,html,32408f7f,rapatnaik,2025-04-25,23:08:40,-07:00,2025-04-25T23:08:40-07:00,2,43
index.html,36,html,32408f7f,rapatnaik,2025-04-25,23:08:40,-07:00,2025-04-25T23:08:40-07:00,2,42
index.html,37,html,32408f7f,rapatnaik,2025-04-25,23:08:40,-07:00,2025-04-25T23:08:40-07:00,2,44
index.html,38,html,32408f7f,rapatnaik,2025-04-25,23:08:40,-07:00,2025-04-25T23:08:40-07:00,2,3
index.html,39,html,32408f7f,rapatnaik,2025-04-25,23:08:40,-07:00,2025-04-25T23:08:40-07:00,0,0
index.html,40,html,36ab6dc9,rapatnaik,2025-04-25,20:28:42,-07:00,2025-04-25T20:28:42-07:00,2,50
index.html,41,html,141d46f9,rapatnaik,2025-04-04,02:19:03,-07:00,2025-04-04T02:19:03-07:00,0,5
index.html,42,html,141d46f9,rapatnaik,2025-04-04,02:19:03,-07:00,2025-04-04T02:19:03-07:00,0,5
global.js,1,js,198db6dc,rapatnaik,2025-04-18,21:20:24,-07:00,2025-04-18T21:20:24-07:00,0,25
global.js,2,js,198db6dc,rapatnaik,2025-04-18,21:20:24,-07:00,2025-04-18T21:20:24-07:00,0,0
global.js,3,js,198db6dc,rapatnaik,2025-04-18,21:20:24,-07:00,2025-04-18T21:20:24-07:00,0,41
global.js,4,js,198db6dc,rapatnaik,2025-04-18,21:20:24,-07:00,2025-04-18T21:20:24-07:00,1,52
global.js,5,js,198db6dc,rapatnaik,2025-04-18,21:20:24,-07:00,2025-04-18T21:20:24-07:00,0,0
global.js,6,js,198db6dc,rapatnaik,2025-04-18,21:20:24,-07:00,2025-04-18T21:20:24-07:00,0,0
global.js,7,js,198db6dc,rapatnaik,2025-04-18,21:20:24,-07:00,2025-04-18T21:20:24-07:00,0,88
global.js,8,js,198db6dc,rapatnaik,2025-04-18,21:20:24,-07:00,2025-04-18T21:20:24-07:00,1,3
global.js,9,js,198db6dc,rapatnaik,2025-04-18,21:20:24,-07:00,2025-04-18T21:20:24-07:00,1,14
global.js,10,js,198db6dc,rapatnaik,2025-04-18,21:20:24,-07:00,2025-04-18T21:20:24-07:00,0,0
global.js,11,js,198db6dc,rapatnaik,2025-04-18,21:20:24,-07:00,2025-04-18T21:20:24-07:00,0,0
global.js,12,js,198db6dc,rapatnaik,2025-04-18,21:20:24,-07:00,2025-04-18T21:20:24-07:00,0,11
global.js,13,js,198db6dc,rapatnaik,2025-04-18,21:20:24,-07:00,2025-04-18T21:20:24-07:00,1,35
global.js,14,js,198db6dc,rapatnaik,2025-04-18,21:20:24,-07:00,2025-04-18T21:20:24-07:00,1,48
global.js,15,js,198db6dc,rapatnaik,2025-04-18,21:20:24,-07:00,2025-04-18T21:20:24-07:00,1,32
global.js,16,js,198db6dc,rapatnaik,2025-04-18,21:20:24,-07:00,2025-04-18T21:20:24-07:00,1,46
global.js,17,js,198db6dc,rapatnaik,2025-04-18,21:20:24,-07:00,2025-04-18T21:20:24-07:00,1,44
global.js,18,js,00000000,Not Committed Yet,2025-05-09,14:29:51,-07:00,2025-05-09T14:29:51-07:00,1,39
global.js,19,js,198db6dc,rapatnaik,2025-04-18,21:20:24,-07:00,2025-04-18T21:20:24-07:00,1,54
global.js,20,js,198db6dc,rapatnaik,2025-04-18,21:20:24,-07:00,2025-04-18T21:20:24-07:00,0,0
global.js,21,js,198db6dc,rapatnaik,2025-04-18,21:20:24,-07:00,2025-04-18T21:20:24-07:00,0,0
global.js,22,js,198db6dc,rapatnaik,2025-04-18,21:20:24,-07:00,2025-04-18T21:20:24-07:00,0,38
global.js,23,js,198db6dc,rapatnaik,2025-04-18,21:20:24,-07:00,2025-04-18T21:20:24-07:00,0,25
global.js,24,js,198db6dc,rapatnaik,2025-04-18,21:20:24,-07:00,2025-04-18T21:20:24-07:00,0,0
global.js,25,js,198db6dc,rapatnaik,2025-04-18,21:20:24,-07:00,2025-04-18T21:20:24-07:00,0,20
global.js,26,js,198db6dc,rapatnaik,2025-04-18,21:20:24,-07:00,2025-04-18T21:20:24-07:00,1,14
global.js,27,js,198db6dc,rapatnaik,2025-04-18,21:20:24,-07:00,2025-04-18T21:20:24-07:00,1,18
global.js,28,js,198db6dc,rapatnaik,2025-04-18,21:20:24,-07:00,2025-04-18T21:20:24-07:00,0,0
global.js,29,js,198db6dc,rapatnaik,2025-04-18,21:20:24,-07:00,2025-04-18T21:20:24-07:00,1,52
global.js,30,js,198db6dc,rapatnaik,2025-04-18,21:20:24,-07:00,2025-04-18T21:20:24-07:00,1,30
global.js,31,js,198db6dc,rapatnaik,2025-04-18,21:20:24,-07:00,2025-04-18T21:20:24-07:00,1,67
global.js,32,js,198db6dc,rapatnaik,2025-04-18,21:20:24,-07:00,2025-04-18T21:20:24-07:00,0,0
global.js,33,js,198db6dc,rapatnaik,2025-04-18,21:20:24,-07:00,2025-04-18T21:20:24-07:00,0,0
global.js,34,js,198db6dc,rapatnaik,2025-04-18,21:20:24,-07:00,2025-04-18T21:20:24-07:00,0,31
global.js,35,js,198db6dc,rapatnaik,2025-04-18,21:20:24,-07:00,2025-04-18T21:20:24-07:00,2,11
global.js,36,js,198db6dc,rapatnaik,2025-04-18,21:20:24,-07:00,2025-04-18T21:20:24-07:00,2,0
global.js,37,js,198db6dc,rapatnaik,2025-04-18,21:20:24,-07:00,2025-04-18T21:20:24-07:00,3,26
global.js,38,js,198db6dc,rapatnaik,2025-04-18,21:20:24,-07:00,2025-04-18T21:20:24-07:00,5,4
global.js,39,js,198db6dc,rapatnaik,2025-04-18,21:20:24,-07:00,2025-04-18T21:20:24-07:00,5,23
global.js,40,js,198db6dc,rapatnaik,2025-04-18,21:20:24,-07:00,2025-04-18T21:20:24-07:00,6,43
global.js,41,js,198db6dc,rapatnaik,2025-04-18,21:20:24,-07:00,2025-04-18T21:20:24-07:00,6,34
global.js,42,js,198db6dc,rapatnaik,2025-04-18,21:20:24,-07:00,2025-04-18T21:20:24-07:00,6,32
global.js,43,js,198db6dc,rapatnaik,2025-04-18,21:20:24,-07:00,2025-04-18T21:20:24-07:00,5,7
global.js,44,js,198db6dc,rapatnaik,2025-04-18,21:20:24,-07:00,2025-04-18T21:20:24-07:00,3,8
global.js,45,js,198db6dc,rapatnaik,2025-04-18,21:20:24,-07:00,2025-04-18T21:20:24-07:00,0,0
global.js,46,js,198db6dc,rapatnaik,2025-04-18,21:20:24,-07:00,2025-04-18T21:20:24-07:00,0,0
global.js,47,js,198db6dc,rapatnaik,2025-04-18,21:20:24,-07:00,2025-04-18T21:20:24-07:00,0,52
global.js,48,js,198db6dc,rapatnaik,2025-04-18,21:20:24,-07:00,2025-04-18T21:20:24-07:00,0,0
global.js,49,js,198db6dc,rapatnaik,2025-04-18,21:20:24,-07:00,2025-04-18T21:20:24-07:00,0,34
global.js,50,js,198db6dc,rapatnaik,2025-04-18,21:20:24,-07:00,2025-04-18T21:20:24-07:00,1,37
global.js,51,js,198db6dc,rapatnaik,2025-04-18,21:20:24,-07:00,2025-04-18T21:20:24-07:00,1,64
global.js,52,js,198db6dc,rapatnaik,2025-04-18,21:20:24,-07:00,2025-04-18T21:20:24-07:00,1,19
global.js,53,js,198db6dc,rapatnaik,2025-04-18,21:20:24,-07:00,2025-04-18T21:20:24-07:00,0,0
global.js,54,js,198db6dc,rapatnaik,2025-04-18,21:20:24,-07:00,2025-04-18T21:20:24-07:00,0,0
global.js,55,js,198db6dc,rapatnaik,2025-04-18,21:20:24,-07:00,2025-04-18T21:20:24-07:00,0,49
global.js,56,js,198db6dc,rapatnaik,2025-04-18,21:20:24,-07:00,2025-04-18T21:20:24-07:00,2,37
global.js,57,js,198db6dc,rapatnaik,2025-04-18,21:20:24,-07:00,2025-04-18T21:20:24-07:00,2,50
global.js,58,js,198db6dc,rapatnaik,2025-04-18,21:20:24,-07:00,2025-04-18T21:20:24-07:00,2,70
global.js,59,js,198db6dc,rapatnaik,2025-04-18,21:20:24,-07:00,2025-04-18T21:20:24-07:00,2,37
global.js,60,js,198db6dc,rapatnaik,2025-04-18,21:20:24,-07:00,2025-04-18T21:20:24-07:00,0,1
global.js,61,js,198db6dc,rapatnaik,2025-04-18,21:20:24,-07:00,2025-04-18T21:20:24-07:00,0,0
global.js,62,js,198db6dc,rapatnaik,2025-04-18,21:20:24,-07:00,2025-04-18T21:20:24-07:00,0,0
global.js,63,js,198db6dc,rapatnaik,2025-04-18,21:20:24,-07:00,2025-04-18T21:20:24-07:00,0,13
global.js,64,js,198db6dc,rapatnaik,2025-04-18,21:20:24,-07:00,2025-04-18T21:20:24-07:00,0,0
global.js,65,js,198db6dc,rapatnaik,2025-04-18,21:20:24,-07:00,2025-04-18T21:20:24-07:00,0,42
global.js,66,js,198db6dc,rapatnaik,2025-04-18,21:20:24,-07:00,2025-04-18T21:20:24-07:00,0,0
global.js,67,js,198db6dc,rapatnaik,2025-04-18,21:20:24,-07:00,2025-04-18T21:20:24-07:00,0,49
global.js,68,js,198db6dc,rapatnaik,2025-04-18,21:20:24,-07:00,2025-04-18T21:20:24-07:00,2,21
global.js,69,js,198db6dc,rapatnaik,2025-04-18,21:20:24,-07:00,2025-04-18T21:20:24-07:00,1,0
global.js,70,js,198db6dc,rapatnaik,2025-04-18,21:20:24,-07:00,2025-04-18T21:20:24-07:00,2,14
global.js,71,js,198db6dc,rapatnaik,2025-04-18,21:20:24,-07:00,2025-04-18T21:20:24-07:00,2,30
global.js,72,js,198db6dc,rapatnaik,2025-04-18,21:20:24,-07:00,2025-04-18T21:20:24-07:00,2,0
global.js,73,js,198db6dc,rapatnaik,2025-04-18,21:20:24,-07:00,2025-04-18T21:20:24-07:00,2,31
global.js,74,js,198db6dc,rapatnaik,2025-04-18,21:20:24,-07:00,2025-04-18T21:20:24-07:00,3,43
global.js,75,js,198db6dc,rapatnaik,2025-04-18,21:20:24,-07:00,2025-04-18T21:20:24-07:00,3,50
global.js,76,js,198db6dc,rapatnaik,2025-04-18,21:20:24,-07:00,2025-04-18T21:20:24-07:00,2,0
global.js,77,js,198db6dc,rapatnaik,2025-04-18,21:20:24,-07:00,2025-04-18T21:20:24-07:00,0,0
global.js,78,js,198db6dc,rapatnaik,2025-04-18,21:20:24,-07:00,2025-04-18T21:20:24-07:00,2,47
global.js,79,js,198db6dc,rapatnaik,2025-04-18,21:20:24,-07:00,2025-04-18T21:20:24-07:00,2,15
global.js,80,js,198db6dc,rapatnaik,2025-04-18,21:20:24,-07:00,2025-04-18T21:20:24-07:00,0,0
global.js,81,js,198db6dc,rapatnaik,2025-04-18,21:20:24,-07:00,2025-04-18T21:20:24-07:00,2,18
global.js,82,js,0e0ae15b,rapatnaik,2025-04-25,03:32:27,-07:00,2025-04-25T03:32:27-07:00,0,1
global.js,83,js,0e0ae15b,rapatnaik,2025-04-25,03:32:27,-07:00,2025-04-25T03:32:27-07:00,0,0
global.js,84,js,0e0ae15b,rapatnaik,2025-04-25,03:32:27,-07:00,2025-04-25T03:32:27-07:00,0,0
global.js,85,js,0e0ae15b,rapatnaik,2025-04-25,03:32:27,-07:00,2025-04-25T03:32:27-07:00,0,36
global.js,86,js,0e0ae15b,rapatnaik,2025-04-25,03:32:27,-07:00,2025-04-25T03:32:27-07:00,1,3
global.js,87,js,0e0ae15b,rapatnaik,2025-04-25,03:32:27,-07:00,2025-04-25T03:32:27-07:00,2,39
global.js,88,js,0e0ae15b,rapatnaik,2025-04-25,03:32:27,-07:00,2025-04-25T03:32:27-07:00,2,32
global.js,89,js,0e0ae15b,rapatnaik,2025-04-25,03:32:27,-07:00,2025-04-25T03:32:27-07:00,2,20
global.js,90,js,0e0ae15b,rapatnaik,2025-04-25,03:32:27,-07:00,2025-04-25T03:32:27-07:00,0,0
global.js,91,js,0e0ae15b,rapatnaik,2025-04-25,03:32:27,-07:00,2025-04-25T03:32:27-07:00,2,17
global.js,92,js,0e0ae15b,rapatnaik,2025-04-25,03:32:27,-07:00,2025-04-25T03:32:27-07:00,3,66
global.js,93,js,0e0ae15b,rapatnaik,2025-04-25,03:32:27,-07:00,2025-04-25T03:32:27-07:00,2,0
global.js,94,js,0e0ae15b,rapatnaik,2025-04-25,03:32:27,-07:00,2025-04-25T03:32:27-07:00,0,0
global.js,95,js,0e0ae15b,rapatnaik,2025-04-25,03:32:27,-07:00,2025-04-25T03:32:27-07:00,2,33
global.js,96,js,0e0ae15b,rapatnaik,2025-04-25,03:32:27,-07:00,2025-04-25T03:32:27-07:00,2,10
global.js,97,js,0e0ae15b,rapatnaik,2025-04-25,03:32:27,-07:00,2025-04-25T03:32:27-07:00,1,15
global.js,98,js,0e0ae15b,rapatnaik,2025-04-25,03:32:27,-07:00,2025-04-25T03:32:27-07:00,2,59
global.js,99,js,0e0ae15b,rapatnaik,2025-04-25,03:32:27,-07:00,2025-04-25T03:32:27-07:00,1,0
global.js,100,js,0e0ae15b,rapatnaik,2025-04-25,03:32:27,-07:00,2025-04-25T03:32:27-07:00,0,0
global.js,101,js,0e0ae15b,rapatnaik,2025-04-25,03:32:27,-07:00,2025-04-25T03:32:27-07:00,0,0
global.js,102,js,32408f7f,rapatnaik,2025-04-25,23:08:40,-07:00,2025-04-25T23:08:40-07:00,0,60
global.js,103,js,0e0ae15b,rapatnaik,2025-04-25,03:32:27,-07:00,2025-04-25T03:32:27-07:00,0,0
global.js,104,js,0e0ae15b,rapatnaik,2025-04-25,03:32:27,-07:00,2025-04-25T03:32:27-07:00,0,60
global.js,105,js,0e0ae15b,rapatnaik,2025-04-25,03:32:27,-07:00,2025-04-25T03:32:27-07:00,0,28
global.js,106,js,0e0ae15b,rapatnaik,2025-04-25,03:32:27,-07:00,2025-04-25T03:32:27-07:00,0,35
global.js,107,js,0e0ae15b,rapatnaik,2025-04-25,03:32:27,-07:00,2025-04-25T03:32:27-07:00,0,53
global.js,108,js,0e0ae15b,rapatnaik,2025-04-25,03:32:27,-07:00,2025-04-25T03:32:27-07:00,0,24
global.js,109,js,0e0ae15b,rapatnaik,2025-04-25,03:32:27,-07:00,2025-04-25T03:32:27-07:00,0,32
global.js,110,js,0e0ae15b,rapatnaik,2025-04-25,03:32:27,-07:00,2025-04-25T03:32:27-07:00,0,58
global.js,111,js,0e0ae15b,rapatnaik,2025-04-25,03:32:27,-07:00,2025-04-25T03:32:27-07:00,0,36
global.js,112,js,0e0ae15b,rapatnaik,2025-04-25,03:32:27,-07:00,2025-04-25T03:32:27-07:00,0,5
global.js,113,js,0e0ae15b,rapatnaik,2025-04-25,03:32:27,-07:00,2025-04-25T03:32:27-07:00,0,41
global.js,114,js,0e0ae15b,rapatnaik,2025-04-25,03:32:27,-07:00,2025-04-25T03:32:27-07:00,0,2
global.js,115,js,0e0ae15b,rapatnaik,2025-04-25,03:32:27,-07:00,2025-04-25T03:32:27-07:00,0,0
global.js,116,js,0e0ae15b,rapatnaik,2025-04-25,03:32:27,-07:00,2025-04-25T03:32:27-07:00,0,79
global.js,117,js,0e0ae15b,rapatnaik,2025-04-25,03:32:27,-07:00,2025-04-25T03:32:27-07:00,1,22
global.js,118,js,0e0ae15b,rapatnaik,2025-04-25,03:32:27,-07:00,2025-04-25T03:32:27-07:00,1,37
global.js,119,js,0e0ae15b,rapatnaik,2025-04-25,03:32:27,-07:00,2025-04-25T03:32:27-07:00,0,0
global.js,120,js,0e0ae15b,rapatnaik,2025-04-25,03:32:27,-07:00,2025-04-25T03:32:27-07:00,1,30
global.js,121,js,0e0ae15b,rapatnaik,2025-04-25,03:32:27,-07:00,2025-04-25T03:32:27-07:00,0,0
global.js,122,js,0e0ae15b,rapatnaik,2025-04-25,03:32:27,-07:00,2025-04-25T03:32:27-07:00,1,39
global.js,123,js,0e0ae15b,rapatnaik,2025-04-25,03:32:27,-07:00,2025-04-25T03:32:27-07:00,2,46
global.js,124,js,0e0ae15b,rapatnaik,2025-04-25,03:32:27,-07:00,2025-04-25T03:32:27-07:00,2,63
global.js,125,js,0e0ae15b,rapatnaik,2025-04-25,03:32:27,-07:00,2025-04-25T03:32:27-07:00,2,40
global.js,126,js,0e0ae15b,rapatnaik,2025-04-25,03:32:27,-07:00,2025-04-25T03:32:27-07:00,2,5
global.js,127,js,0e0ae15b,rapatnaik,2025-04-25,03:32:27,-07:00,2025-04-25T03:32:27-07:00,1,0
global.js,128,js,0e0ae15b,rapatnaik,2025-04-25,03:32:27,-07:00,2025-04-25T03:32:27-07:00,0,0
global.js,129,js,0e0ae15b,rapatnaik,2025-04-25,03:32:27,-07:00,2025-04-25T03:32:27-07:00,1,31
global.js,130,js,0e0ae15b,rapatnaik,2025-04-25,03:32:27,-07:00,2025-04-25T03:32:27-07:00,2,48
global.js,131,js,0e0ae15b,rapatnaik,2025-04-25,03:32:27,-07:00,2025-04-25T03:32:27-07:00,0,0
global.js,132,js,0e0ae15b,rapatnaik,2025-04-25,03:32:27,-07:00,2025-04-25T03:32:27-07:00,2,51
global.js,133,js,0e0ae15b,rapatnaik,2025-04-25,03:32:27,-07:00,2025-04-25T03:32:27-07:00,2,34
global.js,134,js,0e0ae15b,rapatnaik,2025-04-25,03:32:27,-07:00,2025-04-25T03:32:27-07:00,0,0
global.js,135,js,0e0ae15b,rapatnaik,2025-04-25,03:32:27,-07:00,2025-04-25T03:32:27-07:00,2,42
global.js,136,js,0e0ae15b,rapatnaik,2025-04-25,03:32:27,-07:00,2025-04-25T03:32:27-07:00,2,24
global.js,137,js,0e0ae15b,rapatnaik,2025-04-25,03:32:27,-07:00,2025-04-25T03:32:27-07:00,2,24
global.js,138,js,0e0ae15b,rapatnaik,2025-04-25,03:32:27,-07:00,2025-04-25T03:32:27-07:00,0,0
global.js,139,js,f629ba12,rapatnaik,2025-05-01,02:57:22,-07:00,2025-05-01T02:57:22-07:00,2,48
global.js,140,js,f629ba12,rapatnaik,2025-05-01,02:57:22,-07:00,2025-05-01T02:57:22-07:00,2,50
global.js,141,js,f629ba12,rapatnaik,2025-05-01,02:57:22,-07:00,2025-05-01T02:57:22-07:00,2,42
global.js,142,js,f629ba12,rapatnaik,2025-05-01,02:57:22,-07:00,2025-05-01T02:57:22-07:00,0,0
global.js,143,js,0e0ae15b,rapatnaik,2025-04-25,03:32:27,-07:00,2025-04-25T03:32:27-07:00,2,46
global.js,144,js,0e0ae15b,rapatnaik,2025-04-25,03:32:27,-07:00,2025-04-25T03:32:27-07:00,2,44
global.js,145,js,0e0ae15b,rapatnaik,2025-04-25,03:32:27,-07:00,2025-04-25T03:32:27-07:00,0,0
global.js,146,js,f629ba12,rapatnaik,2025-05-01,02:57:22,-07:00,2025-05-01T02:57:22-07:00,2,39
global.js,147,js,f629ba12,rapatnaik,2025-05-01,02:57:22,-07:00,2025-05-01T02:57:22-07:00,2,41
global.js,148,js,f629ba12,rapatnaik,2025-05-01,02:57:22,-07:00,2025-05-01T02:57:22-07:00,2,43
global.js,149,js,f629ba12,rapatnaik,2025-05-01,02:57:22,-07:00,2025-05-01T02:57:22-07:00,2,46
global.js,150,js,f629ba12,rapatnaik,2025-05-01,02:57:22,-07:00,2025-05-01T02:57:22-07:00,2,28
global.js,151,js,f629ba12,rapatnaik,2025-05-01,02:57:22,-07:00,2025-05-01T02:57:22-07:00,0,0
global.js,152,js,f629ba12,rapatnaik,2025-05-01,02:57:22,-07:00,2025-05-01T02:57:22-07:00,2,37
global.js,153,js,f629ba12,rapatnaik,2025-05-01,02:57:22,-07:00,2025-05-01T02:57:22-07:00,2,30
global.js,154,js,f629ba12,rapatnaik,2025-05-01,02:57:22,-07:00,2025-05-01T02:57:22-07:00,0,0
global.js,155,js,0e0ae15b,rapatnaik,2025-04-25,03:32:27,-07:00,2025-04-25T03:32:27-07:00,2,27
global.js,156,js,0e0ae15b,rapatnaik,2025-04-25,03:32:27,-07:00,2025-04-25T03:32:27-07:00,2,25
global.js,157,js,f629ba12,rapatnaik,2025-05-01,02:57:22,-07:00,2025-05-01T02:57:22-07:00,2,33
global.js,158,js,0e0ae15b,rapatnaik,2025-04-25,03:32:27,-07:00,2025-04-25T03:32:27-07:00,0,0
global.js,159,js,0e0ae15b,rapatnaik,2025-04-25,03:32:27,-07:00,2025-04-25T03:32:27-07:00,2,36
global.js,160,js,0e0ae15b,rapatnaik,2025-04-25,03:32:27,-07:00,2025-04-25T03:32:27-07:00,1,0
global.js,161,js,32408f7f,rapatnaik,2025-04-25,23:08:40,-07:00,2025-04-25T23:08:40-07:00,0,0
global.js,162,js,32408f7f,rapatnaik,2025-04-25,23:08:40,-07:00,2025-04-25T23:08:40-07:00,0,0
global.js,163,js,32408f7f,rapatnaik,2025-04-25,23:08:40,-07:00,2025-04-25T23:08:40-07:00,0,47
global.js,164,js,32408f7f,rapatnaik,2025-04-25,23:08:40,-07:00,2025-04-25T23:08:40-07:00,1,59
global.js,165,js,0e0ae15b,rapatnaik,2025-04-25,03:32:27,-07:00,2025-04-25T03:32:27-07:00,0,0
resume/index.html,1,html,65e09bc4,rapatnaik,2025-04-04,19:44:03,-07:00,2025-04-04T19:44:03-07:00,0,13
resume/index.html,2,html,65e09bc4,rapatnaik,2025-04-04,19:44:03,-07:00,2025-04-04T19:44:03-07:00,0,14
resume/index.html,3,html,65e09bc4,rapatnaik,2025-04-04,19:44:03,-07:00,2025-04-04T19:44:03-07:00,0,4
resume/index.html,4,html,65e09bc4,rapatnaik,2025-04-04,19:44:03,-07:00,2025-04-04T19:44:03-07:00,2,20
resume/index.html,5,html,65e09bc4,rapatnaik,2025-04-04,19:44:03,-07:00,2025-04-04T19:44:03-07:00,2,68
resume/index.html,6,html,65e09bc4,rapatnaik,2025-04-04,19:44:03,-07:00,2025-04-04T19:44:03-07:00,2,21
resume/index.html,7,html,65e09bc4,rapatnaik,2025-04-04,19:44:03,-07:00,2025-04-04T19:44:03-07:00,2,41
resume/index.html,8,html,198db6dc,rapatnaik,2025-04-18,21:20:24,-07:00,2025-04-18T21:20:24-07:00,2,48
resume/index.html,9,html,599d7863,rapatnaik,2025-04-10,01:27:06,-07:00,2025-04-10T01:27:06-07:00,0,5
resume/index.html,10,html,599d7863,rapatnaik,2025-04-10,01:27:06,-07:00,2025-04-10T01:27:06-07:00,0,4
resume/index.html,11,html,198db6dc,rapatnaik,2025-04-18,21:20:24,-07:00,2025-04-18T21:20:24-07:00,2,8
resume/index.html,12,html,bba8e8d1,rapatnaik,2025-04-10,01:03:38,-07:00,2025-04-10T01:03:38-07:00,4,30
resume/index.html,13,html,bba8e8d1,rapatnaik,2025-04-10,01:03:38,-07:00,2025-04-10T01:03:38-07:00,4,43
resume/index.html,14,html,bba8e8d1,rapatnaik,2025-04-10,01:03:38,-07:00,2025-04-10T01:03:38-07:00,4,41
resume/index.html,15,html,198db6dc,rapatnaik,2025-04-18,21:20:24,-07:00,2025-04-18T21:20:24-07:00,4,29
resume/index.html,16,html,65e09bc4,rapatnaik,2025-04-04,19:44:03,-07:00,2025-04-04T19:44:03-07:00,4,63
resume/index.html,17,html,198db6dc,rapatnaik,2025-04-18,21:20:24,-07:00,2025-04-18T21:20:24-07:00,2,8
resume/index.html,18,html,599d7863,rapatnaik,2025-04-10,01:27:06,-07:00,2025-04-10T01:27:06-07:00,2,0
resume/index.html,19,html,65e09bc4,rapatnaik,2025-04-04,19:44:03,-07:00,2025-04-04T19:44:03-07:00,2,13
resume/index.html,20,html,65e09bc4,rapatnaik,2025-04-04,19:44:03,-07:00,2025-04-04T19:44:03-07:00,0,0
resume/index.html,21,html,65e09bc4,rapatnaik,2025-04-04,19:44:03,-07:00,2025-04-04T19:44:03-07:00,2,7
resume/index.html,22,html,65e09bc4,rapatnaik,2025-04-04,19:44:03,-07:00,2025-04-04T19:44:03-07:00,4,6
resume/index.html,23,html,65e09bc4,rapatnaik,2025-04-04,19:44:03,-07:00,2025-04-04T19:44:03-07:00,6,16
resume/index.html,24,html,65e09bc4,rapatnaik,2025-04-04,19:44:03,-07:00,2025-04-04T19:44:03-07:00,4,7
resume/index.html,25,html,65e09bc4,rapatnaik,2025-04-04,19:44:03,-07:00,2025-04-04T19:44:03-07:00,4,7
resume/index.html,26,html,65e09bc4,rapatnaik,2025-04-04,19:44:03,-07:00,2025-04-04T19:44:03-07:00,6,42
resume/index.html,27,html,65e09bc4,rapatnaik,2025-04-04,19:44:03,-07:00,2025-04-04T19:44:03-07:00,6,66
resume/index.html,28,html,65e09bc4,rapatnaik,2025-04-04,19:44:03,-07:00,2025-04-04T19:44:03-07:00,6,89
resume/index.html,29,html,65e09bc4,rapatnaik,2025-04-04,19:44:03,-07:00,2025-04-04T19:44:03-07:00,4,8
resume/index.html,30,html,65e09bc4,rapatnaik,2025-04-04,19:44:03,-07:00,2025-04-04T19:44:03-07:00,2,8
resume/index.html,31,html,65e09bc4,rapatnaik,2025-04-04,19:44:03,-07:00,2025-04-04T19:44:03-07:00,2,7
resume/index.html,32,html,65e09bc4,rapatnaik,2025-04-04,19:44:03,-07:00,2025-04-04T19:44:03-07:00,4,6
resume/index.html,33,html,65e09bc4,rapatnaik,2025-04-04,19:44:03,-07:00,2025-04-04T19:44:03-07:00,6,17
resume/index.html,34,html,65e09bc4,rapatnaik,2025-04-04,19:44:03,-07:00,2025-04-04T19:44:03-07:00,4,7
resume/index.html,35,html,65e09bc4,rapatnaik,2025-04-04,19:44:03,-07:00,2025-04-04T19:44:03-07:00,4,7
resume/index.html,36,html,65e09bc4,rapatnaik,2025-04-04,19:44:03,-07:00,2025-04-04T19:44:03-07:00,6,46
resume/index.html,37,html,65e09bc4,rapatnaik,2025-04-04,19:44:03,-07:00,2025-04-04T19:44:03-07:00,6,87
resume/index.html,38,html,65e09bc4,rapatnaik,2025-04-04,19:44:03,-07:00,2025-04-04T19:44:03-07:00,6,55
resume/index.html,39,html,65e09bc4,rapatnaik,2025-04-04,19:44:03,-07:00,2025-04-04T19:44:03-07:00,4,8
resume/index.html,40,html,65e09bc4,rapatnaik,2025-04-04,19:44:03,-07:00,2025-04-04T19:44:03-07:00,4,7
resume/index.html,41,html,65e09bc4,rapatnaik,2025-04-04,19:44:03,-07:00,2025-04-04T19:44:03-07:00,6,48
resume/index.html,42,html,65e09bc4,rapatnaik,2025-04-04,19:44:03,-07:00,2025-04-04T19:44:03-07:00,6,91
resume/index.html,43,html,7ab1a2f1,rapatnaik,2025-04-11,17:22:57,-07:00,2025-04-11T17:22:57-07:00,6,55
resume/index.html,44,html,65e09bc4,rapatnaik,2025-04-04,19:44:03,-07:00,2025-04-04T19:44:03-07:00,4,8
resume/index.html,45,html,65e09bc4,rapatnaik,2025-04-04,19:44:03,-07:00,2025-04-04T19:44:03-07:00,2,8
resume/index.html,46,html,65e09bc4,rapatnaik,2025-04-04,19:44:03,-07:00,2025-04-04T19:44:03-07:00,2,7
resume/index.html,47,html,65e09bc4,rapatnaik,2025-04-04,19:44:03,-07:00,2025-04-04T19:44:03-07:00,4,6
resume/index.html,48,html,65e09bc4,rapatnaik,2025-04-04,19:44:03,-07:00,2025-04-04T19:44:03-07:00,6,17
resume/index.html,49,html,65e09bc4,rapatnaik,2025-04-04,19:44:03,-07:00,2025-04-04T19:44:03-07:00,4,7
resume/index.html,50,html,65e09bc4,rapatnaik,2025-04-04,19:44:03,-07:00,2025-04-04T19:44:03-07:00,4,7
resume/index.html,51,html,65e09bc4,rapatnaik,2025-04-04,19:44:03,-07:00,2025-04-04T19:44:03-07:00,6,53
resume/index.html,52,html,65e09bc4,rapatnaik,2025-04-04,19:44:03,-07:00,2025-04-04T19:44:03-07:00,6,116
resume/index.html,53,html,65e09bc4,rapatnaik,2025-04-04,19:44:03,-07:00,2025-04-04T19:44:03-07:00,6,55
resume/index.html,54,html,65e09bc4,rapatnaik,2025-04-04,19:44:03,-07:00,2025-04-04T19:44:03-07:00,4,8
resume/index.html,55,html,65e09bc4,rapatnaik,2025-04-04,19:44:03,-07:00,2025-04-04T19:44:03-07:00,2,8
resume/index.html,56,html,65e09bc4,rapatnaik,2025-04-04,19:44:03,-07:00,2025-04-04T19:44:03-07:00,2,7
resume/index.html,57,html,65e09bc4,rapatnaik,2025-04-04,19:44:03,-07:00,2025-04-04T19:44:03-07:00,4,6
resume/index.html,58,html,65e09bc4,rapatnaik,2025-04-04,19:44:03,-07:00,2025-04-04T19:44:03-07:00,6,13
resume/index.html,59,html,65e09bc4,rapatnaik,2025-04-04,19:44:03,-07:00,2025-04-04T19:44:03-07:00,4,7
resume/index.html,60,html,65e09bc4,rapatnaik,2025-04-04,19:44:03,-07:00,2025-04-04T19:44:03-07:00,4,2
resume/index.html,61,html,65e09bc4,rapatnaik,2025-04-04,19:44:03,-07:00,2025-04-04T19:44:03-07:00,6,58
resume/index.html,62,html,65e09bc4,rapatnaik,2025-04-04,19:44:03,-07:00,2025-04-04T19:44:03-07:00,6,59
resume/index.html,63,html,65e09bc4,rapatnaik,2025-04-04,19:44:03,-07:00,2025-04-04T19:44:03-07:00,4,3
resume/index.html,64,html,65e09bc4,rapatnaik,2025-04-04,19:44:03,-07:00,2025-04-04T19:44:03-07:00,2,8
resume/index.html,65,html,65e09bc4,rapatnaik,2025-04-04,19:44:03,-07:00,2025-04-04T19:44:03-07:00,0,0
resume/index.html,66,html,65e09bc4,rapatnaik,2025-04-04,19:44:03,-07:00,2025-04-04T19:44:03-07:00,0,0
resume/index.html,67,html,65e09bc4,rapatnaik,2025-04-04,19:44:03,-07:00,2025-04-04T19:44:03-07:00,0,5
resume/index.html,68,html,65e09bc4,rapatnaik,2025-04-04,19:44:03,-07:00,2025-04-04T19:44:03-07:00,0,5
projects/projects.js,1,js,f629ba12,rapatnaik,2025-05-01,02:57:22,-07:00,2025-05-01T02:57:22-07:00,0,63
projects/projects.js,2,js,f629ba12,rapatnaik,2025-05-01,02:57:22,-07:00,2025-05-01T02:57:22-07:00,0,0
projects/projects.js,3,js,0e0ae15b,rapatnaik,2025-04-25,03:32:27,-07:00,2025-04-25T03:32:27-07:00,0,39
projects/projects.js,4,js,0e0ae15b,rapatnaik,2025-04-25,03:32:27,-07:00,2025-04-25T03:32:27-07:00,0,0
projects/projects.js,5,js,0e0ae15b,rapatnaik,2025-04-25,03:32:27,-07:00,2025-04-25T03:32:27-07:00,0,55
projects/projects.js,6,js,0e0ae15b,rapatnaik,2025-04-25,03:32:27,-07:00,2025-04-25T03:32:27-07:00,0,0
projects/projects.js,7,js,a526c640,rapatnaik,2025-05-01,22:32:06,-07:00,2025-05-01T22:32:06-07:00,0,21
projects/projects.js,8,js,a526c640,rapatnaik,2025-05-01,22:32:06,-07:00,2025-05-01T22:32:06-07:00,0,15
projects/projects.js,9,js,a526c640,rapatnaik,2025-05-01,22:32:06,-07:00,2025-05-01T22:32:06-07:00,0,0
projects/projects.js,10,js,0e0ae15b,rapatnaik,2025-04-25,03:32:27,-07:00,2025-04-25T03:32:27-07:00,0,55
projects/projects.js,11,js,0e0ae15b,rapatnaik,2025-04-25,03:32:27,-07:00,2025-04-25T03:32:27-07:00,0,0
projects/projects.js,12,js,0e0ae15b,rapatnaik,2025-04-25,03:32:27,-07:00,2025-04-25T03:32:27-07:00,0,60
projects/projects.js,13,js,0e0ae15b,rapatnaik,2025-04-25,03:32:27,-07:00,2025-04-25T03:32:27-07:00,0,0
projects/projects.js,14,js,91defccb,rapatnaik,2025-05-01,23:47:08,-07:00,2025-05-01T23:47:08-07:00,0,13
projects/projects.js,15,js,a526c640,rapatnaik,2025-05-01,22:32:06,-07:00,2025-05-01T22:32:06-07:00,0,30
projects/projects.js,16,js,a526c640,rapatnaik,2025-05-01,22:32:06,-07:00,2025-05-01T22:32:06-07:00,1,33
projects/projects.js,17,js,a526c640,rapatnaik,2025-05-01,22:32:06,-07:00,2025-05-01T22:32:06-07:00,2,97
projects/projects.js,18,js,a526c640,rapatnaik,2025-05-01,22:32:06,-07:00,2025-05-01T22:32:06-07:00,2,88
projects/projects.js,19,js,a526c640,rapatnaik,2025-05-01,22:32:06,-07:00,2025-05-01T22:32:06-07:00,2,33
projects/projects.js,20,js,a526c640,rapatnaik,2025-05-01,22:32:06,-07:00,2025-05-01T22:32:06-07:00,1,1
projects/projects.js,21,js,a526c640,rapatnaik,2025-05-01,22:32:06,-07:00,2025-05-01T22:32:06-07:00,0,0
projects/projects.js,22,js,0e0ae15b,rapatnaik,2025-04-25,03:32:27,-07:00,2025-04-25T03:32:27-07:00,0,0
projects/projects.js,23,js,0e0ae15b,rapatnaik,2025-04-25,03:32:27,-07:00,2025-04-25T03:32:27-07:00,0,26
projects/projects.js,24,js,0e0ae15b,rapatnaik,2025-04-25,03:32:27,-07:00,2025-04-25T03:32:27-07:00,0,61
projects/projects.js,25,js,0e0ae15b,rapatnaik,2025-04-25,03:32:27,-07:00,2025-04-25T03:32:27-07:00,0,17
projects/projects.js,26,js,32408f7f,rapatnaik,2025-04-25,23:08:40,-07:00,2025-04-25T23:08:40-07:00,1,55
projects/projects.js,27,js,f629ba12,rapatnaik,2025-05-01,02:57:22,-07:00,2025-05-01T02:57:22-07:00,0,0
projects/projects.js,28,js,f629ba12,rapatnaik,2025-05-01,02:57:22,-07:00,2025-05-01T02:57:22-07:00,0,0
projects/projects.js,29,js,a526c640,rapatnaik,2025-05-01,22:32:06,-07:00,2025-05-01T22:32:06-07:00,0,38
projects/projects.js,30,js,a526c640,rapatnaik,2025-05-01,22:32:06,-07:00,2025-05-01T22:32:06-07:00,1,36
projects/projects.js,31,js,a526c640,rapatnaik,2025-05-01,22:32:06,-07:00,2025-05-01T22:32:06-07:00,1,43
projects/projects.js,32,js,a526c640,rapatnaik,2025-05-01,22:32:06,-07:00,2025-05-01T22:32:06-07:00,1,32
projects/projects.js,33,js,a526c640,rapatnaik,2025-05-01,22:32:06,-07:00,2025-05-01T22:32:06-07:00,1,44
projects/projects.js,34,js,a526c640,rapatnaik,2025-05-01,22:32:06,-07:00,2025-05-01T22:32:06-07:00,0,0
projects/projects.js,35,js,a526c640,rapatnaik,2025-05-01,22:32:06,-07:00,2025-05-01T22:32:06-07:00,1,25
projects/projects.js,36,js,a526c640,rapatnaik,2025-05-01,22:32:06,-07:00,2025-05-01T22:32:06-07:00,1,26
projects/projects.js,37,js,a526c640,rapatnaik,2025-05-01,22:32:06,-07:00,2025-05-01T22:32:06-07:00,2,12
projects/projects.js,38,js,a526c640,rapatnaik,2025-05-01,22:32:06,-07:00,2025-05-01T22:32:06-07:00,2,12
projects/projects.js,39,js,a526c640,rapatnaik,2025-05-01,22:32:06,-07:00,2025-05-01T22:32:06-07:00,2,9
projects/projects.js,40,js,a526c640,rapatnaik,2025-05-01,22:32:06,-07:00,2025-05-01T22:32:06-07:00,1,0
projects/projects.js,41,js,a526c640,rapatnaik,2025-05-01,22:32:06,-07:00,2025-05-01T22:32:06-07:00,0,0
projects/projects.js,42,js,a526c640,rapatnaik,2025-05-01,22:32:06,-07:00,2025-05-01T22:32:06-07:00,1,45
projects/projects.js,43,js,a526c640,rapatnaik,2025-05-01,22:32:06,-07:00,2025-05-01T22:32:06-07:00,2,10
projects/projects.js,44,js,a526c640,rapatnaik,2025-05-01,22:32:06,-07:00,2025-05-01T22:32:06-07:00,2,10
projects/projects.js,45,js,a526c640,rapatnaik,2025-05-01,22:32:06,-07:00,2025-05-01T22:32:06-07:00,1,2
projects/projects.js,46,js,a526c640,rapatnaik,2025-05-01,22:32:06,-07:00,2025-05-01T22:32:06-07:00,1,13
projects/projects.js,47,js,a526c640,rapatnaik,2025-05-01,22:32:06,-07:00,2025-05-01T22:32:06-07:00,0,0
projects/projects.js,48,js,a526c640,rapatnaik,2025-05-01,22:32:06,-07:00,2025-05-01T22:32:06-07:00,1,48
projects/projects.js,49,js,a526c640,rapatnaik,2025-05-01,22:32:06,-07:00,2025-05-01T22:32:06-07:00,1,33
projects/projects.js,50,js,a526c640,rapatnaik,2025-05-01,22:32:06,-07:00,2025-05-01T22:32:06-07:00,1,57
projects/projects.js,51,js,a526c640,rapatnaik,2025-05-01,22:32:06,-07:00,2025-05-01T22:32:06-07:00,1,43
projects/projects.js,52,js,f629ba12,rapatnaik,2025-05-01,02:57:22,-07:00,2025-05-01T02:57:22-07:00,0,0
projects/projects.js,53,js,a526c640,rapatnaik,2025-05-01,22:32:06,-07:00,2025-05-01T22:32:06-07:00,1,47
projects/projects.js,54,js,a526c640,rapatnaik,2025-05-01,22:32:06,-07:00,2025-05-01T22:32:06-07:00,0,0
projects/projects.js,55,js,a526c640,rapatnaik,2025-05-01,22:32:06,-07:00,2025-05-01T22:32:06-07:00,1,24
projects/projects.js,56,js,a526c640,rapatnaik,2025-05-01,22:32:06,-07:00,2025-05-01T22:32:06-07:00,2,4
projects/projects.js,57,js,a526c640,rapatnaik,2025-05-01,22:32:06,-07:00,2025-05-01T22:32:06-07:00,3,13
projects/projects.js,58,js,a526c640,rapatnaik,2025-05-01,22:32:06,-07:00,2025-05-01T22:32:06-07:00,3,13
projects/projects.js,59,js,a526c640,rapatnaik,2025-05-01,22:32:06,-07:00,2025-05-01T22:32:06-07:00,3,35
projects/projects.js,60,js,a526c640,rapatnaik,2025-05-01,22:32:06,-07:00,2025-05-01T22:32:06-07:00,3,22
projects/projects.js,61,js,a526c640,rapatnaik,2025-05-01,22:32:06,-07:00,2025-05-01T22:32:06-07:00,3,51
projects/projects.js,62,js,a526c640,rapatnaik,2025-05-01,22:32:06,-07:00,2025-05-01T22:32:06-07:00,3,18
projects/projects.js,63,js,a526c640,rapatnaik,2025-05-01,22:32:06,-07:00,2025-05-01T22:32:06-07:00,4,43
projects/projects.js,64,js,a526c640,rapatnaik,2025-05-01,22:32:06,-07:00,2025-05-01T22:32:06-07:00,4,36
projects/projects.js,65,js,91defccb,rapatnaik,2025-05-01,23:47:08,-07:00,2025-05-01T23:47:08-07:00,3,0
projects/projects.js,66,js,91defccb,rapatnaik,2025-05-01,23:47:08,-07:00,2025-05-01T23:47:08-07:00,3,22
projects/projects.js,67,js,91defccb,rapatnaik,2025-05-01,23:47:08,-07:00,2025-05-01T23:47:08-07:00,4,54
projects/projects.js,68,js,91defccb,rapatnaik,2025-05-01,23:47:08,-07:00,2025-05-01T23:47:08-07:00,3,0
projects/projects.js,69,js,91defccb,rapatnaik,2025-05-01,23:47:08,-07:00,2025-05-01T23:47:08-07:00,3,21
projects/projects.js,70,js,91defccb,rapatnaik,2025-05-01,23:47:08,-07:00,2025-05-01T23:47:08-07:00,4,55
projects/projects.js,71,js,91defccb,rapatnaik,2025-05-01,23:47:08,-07:00,2025-05-01T23:47:08-07:00,3,1
projects/projects.js,72,js,a526c640,rapatnaik,2025-05-01,22:32:06,-07:00,2025-05-01T22:32:06-07:00,1,0
projects/projects.js,73,js,a526c640,rapatnaik,2025-05-01,22:32:06,-07:00,2025-05-01T22:32:06-07:00,4,50
projects/projects.js,74,js,a526c640,rapatnaik,2025-05-01,22:32:06,-07:00,2025-05-01T22:32:06-07:00,4,21
projects/projects.js,75,js,a526c640,rapatnaik,2025-05-01,22:32:06,-07:00,2025-05-01T22:32:06-07:00,4,19
projects/projects.js,76,js,a526c640,rapatnaik,2025-05-01,22:32:06,-07:00,2025-05-01T22:32:06-07:00,4,31
projects/projects.js,77,js,a526c640,rapatnaik,2025-05-01,22:32:06,-07:00,2025-05-01T22:32:06-07:00,4,67
projects/projects.js,78,js,a526c640,rapatnaik,2025-05-01,22:32:06,-07:00,2025-05-01T22:32:06-07:00,4,6
projects/projects.js,79,js,a526c640,rapatnaik,2025-05-01,22:32:06,-07:00,2025-05-01T22:32:06-07:00,1,1
projects/projects.js,80,js,a526c640,rapatnaik,2025-05-01,22:32:06,-07:00,2025-05-01T22:32:06-07:00,1,0
projects/projects.js,81,js,a526c640,rapatnaik,2025-05-01,22:32:06,-07:00,2025-05-01T22:32:06-07:00,0,0
projects/projects.js,82,js,a526c640,rapatnaik,2025-05-01,22:32:06,-07:00,2025-05-01T22:32:06-07:00,1,32
projects/projects.js,83,js,a526c640,rapatnaik,2025-05-01,22:32:06,-07:00,2025-05-01T22:32:06-07:00,1,24
projects/projects.js,84,js,a526c640,rapatnaik,2025-05-01,22:32:06,-07:00,2025-05-01T22:32:06-07:00,2,17
projects/projects.js,85,js,a526c640,rapatnaik,2025-05-01,22:32:06,-07:00,2025-05-01T22:32:06-07:00,3,76
projects/projects.js,86,js,a526c640,rapatnaik,2025-05-01,22:32:06,-07:00,2025-05-01T22:32:06-07:00,3,38
projects/projects.js,87,js,a526c640,rapatnaik,2025-05-01,22:32:06,-07:00,2025-05-01T22:32:06-07:00,3,69
projects/projects.js,88,js,a526c640,rapatnaik,2025-05-01,22:32:06,-07:00,2025-05-01T22:32:06-07:00,1,1
projects/projects.js,89,js,a526c640,rapatnaik,2025-05-01,22:32:06,-07:00,2025-05-01T22:32:06-07:00,0,0
projects/projects.js,90,js,a526c640,rapatnaik,2025-05-01,22:32:06,-07:00,2025-05-01T22:32:06-07:00,1,25
projects/projects.js,91,js,a526c640,rapatnaik,2025-05-01,22:32:06,-07:00,2025-05-01T22:32:06-07:00,2,53
projects/projects.js,92,js,a526c640,rapatnaik,2025-05-01,22:32:06,-07:00,2025-05-01T22:32:06-07:00,1,6
projects/projects.js,93,js,a526c640,rapatnaik,2025-05-01,22:32:06,-07:00,2025-05-01T22:32:06-07:00,2,45
projects/projects.js,94,js,a526c640,rapatnaik,2025-05-01,22:32:06,-07:00,2025-05-01T22:32:06-07:00,1,0
projects/projects.js,95,js,a526c640,rapatnaik,2025-05-01,22:32:06,-07:00,2025-05-01T22:32:06-07:00,2,66
projects/projects.js,96,js,a526c640,rapatnaik,2025-05-01,22:32:06,-07:00,2025-05-01T22:32:06-07:00,1,0
projects/projects.js,97,js,a526c640,rapatnaik,2025-05-01,22:32:06,-07:00,2025-05-01T22:32:06-07:00,2,48
projects/projects.js,98,js,a526c640,rapatnaik,2025-05-01,22:32:06,-07:00,2025-05-01T22:32:06-07:00,1,0
projects/projects.js,99,js,91defccb,rapatnaik,2025-05-01,23:47:08,-07:00,2025-05-01T23:47:08-07:00,1,26
projects/projects.js,100,js,91defccb,rapatnaik,2025-05-01,23:47:08,-07:00,2025-05-01T23:47:08-07:00,1,40
projects/projects.js,101,js,91defccb,rapatnaik,2025-05-01,23:47:08,-07:00,2025-05-01T23:47:08-07:00,1,72
projects/projects.js,102,js,91defccb,rapatnaik,2025-05-01,23:47:08,-07:00,2025-05-01T23:47:08-07:00,0,0
projects/projects.js,103,js,91defccb,rapatnaik,2025-05-01,23:47:08,-07:00,2025-05-01T23:47:08-07:00,1,27
projects/projects.js,104,js,91defccb,rapatnaik,2025-05-01,23:47:08,-07:00,2025-05-01T23:47:08-07:00,1,51
projects/projects.js,105,js,91defccb,rapatnaik,2025-05-01,23:47:08,-07:00,2025-05-01T23:47:08-07:00,2,49
projects/projects.js,106,js,91defccb,rapatnaik,2025-05-01,23:47:08,-07:00,2025-05-01T23:47:08-07:00,1,0
projects/projects.js,107,js,91defccb,rapatnaik,2025-05-01,23:47:08,-07:00,2025-05-01T23:47:08-07:00,0,0
projects/projects.js,108,js,91defccb,rapatnaik,2025-05-01,23:47:08,-07:00,2025-05-01T23:47:08-07:00,1,29
projects/projects.js,109,js,91defccb,rapatnaik,2025-05-01,23:47:08,-07:00,2025-05-01T23:47:08-07:00,1,24
projects/projects.js,110,js,91defccb,rapatnaik,2025-05-01,23:47:08,-07:00,2025-05-01T23:47:08-07:00,2,41
projects/projects.js,111,js,91defccb,rapatnaik,2025-05-01,23:47:08,-07:00,2025-05-01T23:47:08-07:00,1,0
projects/projects.js,112,js,91defccb,rapatnaik,2025-05-01,23:47:08,-07:00,2025-05-01T23:47:08-07:00,0,0
projects/projects.js,113,js,91defccb,rapatnaik,2025-05-01,23:47:08,-07:00,2025-05-01T23:47:08-07:00,1,37
projects/projects.js,114,js,91defccb,rapatnaik,2025-05-01,23:47:08,-07:00,2025-05-01T23:47:08-07:00,1,48
projects/projects.js,115,js,91defccb,rapatnaik,2025-05-01,23:47:08,-07:00,2025-05-01T23:47:08-07:00,2,74
projects/projects.js,116,js,91defccb,rapatnaik,2025-05-01,23:47:08,-07:00,2025-05-01T23:47:08-07:00,1,0
projects/projects.js,117,js,91defccb,rapatnaik,2025-05-01,23:47:08,-07:00,2025-05-01T23:47:08-07:00,0,0
projects/projects.js,118,js,91defccb,rapatnaik,2025-05-01,23:47:08,-07:00,2025-05-01T23:47:08-07:00,1,14
projects/projects.js,119,js,91defccb,rapatnaik,2025-05-01,23:47:08,-07:00,2025-05-01T23:47:08-07:00,1,17
projects/projects.js,120,js,91defccb,rapatnaik,2025-05-01,23:47:08,-07:00,2025-05-01T23:47:08-07:00,2,35
projects/projects.js,121,js,91defccb,rapatnaik,2025-05-01,23:47:08,-07:00,2025-05-01T23:47:08-07:00,1,0
projects/projects.js,122,js,a526c640,rapatnaik,2025-05-01,22:32:06,-07:00,2025-05-01T22:32:06-07:00,0,0
projects/projects.js,123,js,f629ba12,rapatnaik,2025-05-01,02:57:22,-07:00,2025-05-01T02:57:22-07:00,0,0
projects/projects.js,124,js,a526c640,rapatnaik,2025-05-01,22:32:06,-07:00,2025-05-01T22:32:06-07:00,0,32
projects/projects.js,125,js,a526c640,rapatnaik,2025-05-01,22:32:06,-07:00,2025-05-01T22:32:06-07:00,0,23
projects/projects.js,126,js,f629ba12,rapatnaik,2025-05-01,02:57:22,-07:00,2025-05-01T02:57:22-07:00,0,0
projects/projects.js,127,js,a526c640,rapatnaik,2025-05-01,22:32:06,-07:00,2025-05-01T22:32:06-07:00,0,53
projects/projects.js,128,js,f629ba12,rapatnaik,2025-05-01,02:57:22,-07:00,2025-05-01T02:57:22-07:00,0,0
projects/projects.js,129,js,a526c640,rapatnaik,2025-05-01,22:32:06,-07:00,2025-05-01T22:32:06-07:00,0,49
projects/projects.js,130,js,a526c640,rapatnaik,2025-05-01,22:32:06,-07:00,2025-05-01T22:32:06-07:00,1,25
projects/projects.js,131,js,a526c640,rapatnaik,2025-05-01,22:32:06,-07:00,2025-05-01T22:32:06-07:00,1,36
projects/projects.js,132,js,a526c640,rapatnaik,2025-05-01,22:32:06,-07:00,2025-05-01T22:32:06-07:00,0,1
projects/index.html,1,html,d9caee35,rapatnaik,2025-04-04,17:49:25,-07:00,2025-04-04T17:49:25-07:00,0,13
projects/index.html,2,html,d9caee35,rapatnaik,2025-04-04,17:49:25,-07:00,2025-04-04T17:49:25-07:00,0,14
projects/index.html,3,html,d9caee35,rapatnaik,2025-04-04,17:49:25,-07:00,2025-04-04T17:49:25-07:00,0,4
projects/index.html,4,html,d9caee35,rapatnaik,2025-04-04,17:49:25,-07:00,2025-04-04T17:49:25-07:00,2,20
projects/index.html,5,html,d9caee35,rapatnaik,2025-04-04,17:49:25,-07:00,2025-04-04T17:49:25-07:00,2,68
projects/index.html,6,html,d9caee35,rapatnaik,2025-04-04,17:49:25,-07:00,2025-04-04T17:49:25-07:00,2,21
projects/index.html,7,html,65e09bc4,rapatnaik,2025-04-04,19:44:03,-07:00,2025-04-04T19:44:03-07:00,2,41
projects/index.html,8,html,198db6dc,rapatnaik,2025-04-18,21:20:24,-07:00,2025-04-18T21:20:24-07:00,2,48
projects/index.html,9,html,599d7863,rapatnaik,2025-04-10,01:27:06,-07:00,2025-04-10T01:27:06-07:00,0,5
projects/index.html,10,html,599d7863,rapatnaik,2025-04-10,01:27:06,-07:00,2025-04-10T01:27:06-07:00,0,4
projects/index.html,11,html,198db6dc,rapatnaik,2025-04-18,21:20:24,-07:00,2025-04-18T21:20:24-07:00,2,8
projects/index.html,12,html,d9caee35,rapatnaik,2025-04-04,17:49:25,-07:00,2025-04-04T17:49:25-07:00,4,30
projects/index.html,13,html,198db6dc,rapatnaik,2025-04-18,21:20:24,-07:00,2025-04-18T21:20:24-07:00,4,31
projects/index.html,14,html,d9caee35,rapatnaik,2025-04-04,17:49:25,-07:00,2025-04-04T17:49:25-07:00,4,41
projects/index.html,15,html,65e09bc4,rapatnaik,2025-04-04,19:44:03,-07:00,2025-04-04T19:44:03-07:00,4,39
projects/index.html,16,html,d9caee35,rapatnaik,2025-04-04,17:49:25,-07:00,2025-04-04T17:49:25-07:00,4,63
projects/index.html,17,html,198db6dc,rapatnaik,2025-04-18,21:20:24,-07:00,2025-04-18T21:20:24-07:00,2,8
projects/index.html,18,html,599d7863,rapatnaik,2025-04-10,01:27:06,-07:00,2025-04-10T01:27:06-07:00,0,0
projects/index.html,19,html,0e0ae15b,rapatnaik,2025-04-25,03:32:27,-07:00,2025-04-25T03:32:27-07:00,2,38
projects/index.html,20,html,a526c640,rapatnaik,2025-05-01,22:32:06,-07:00,2025-05-01T22:32:06-07:00,2,21
projects/index.html,21,html,a526c640,rapatnaik,2025-05-01,22:32:06,-07:00,2025-05-01T22:32:06-07:00,4,52
projects/index.html,22,html,a526c640,rapatnaik,2025-05-01,22:32:06,-07:00,2025-05-01T22:32:06-07:00,4,4
projects/index.html,23,html,a526c640,rapatnaik,2025-05-01,22:32:06,-07:00,2025-05-01T22:32:06-07:00,4,22
projects/index.html,24,html,a526c640,rapatnaik,2025-05-01,22:32:06,-07:00,2025-05-01T22:32:06-07:00,2,4
projects/index.html,25,html,a526c640,rapatnaik,2025-05-01,22:32:06,-07:00,2025-05-01T22:32:06-07:00,2,4
projects/index.html,26,html,a526c640,rapatnaik,2025-05-01,22:32:06,-07:00,2025-05-01T22:32:06-07:00,4,15
projects/index.html,27,html,a526c640,rapatnaik,2025-05-01,22:32:06,-07:00,2025-05-01T22:32:06-07:00,4,11
projects/index.html,28,html,a526c640,rapatnaik,2025-05-01,22:32:06,-07:00,2025-05-01T22:32:06-07:00,4,26
projects/index.html,29,html,a526c640,rapatnaik,2025-05-01,22:32:06,-07:00,2025-05-01T22:32:06-07:00,4,31
projects/index.html,30,html,a526c640,rapatnaik,2025-05-01,22:32:06,-07:00,2025-05-01T22:32:06-07:00,2,0
projects/index.html,31,html,599d7863,rapatnaik,2025-04-10,01:27:06,-07:00,2025-04-10T01:27:06-07:00,2,20
projects/index.html,32,html,0e0ae15b,rapatnaik,2025-04-25,03:32:27,-07:00,2025-04-25T03:32:27-07:00,4,48
projects/index.html,33,html,0e0ae15b,rapatnaik,2025-04-25,03:32:27,-07:00,2025-04-25T03:32:27-07:00,4,47
projects/index.html,34,html,599d7863,rapatnaik,2025-04-10,01:27:06,-07:00,2025-04-10T01:27:06-07:00,2,4
projects/index.html,35,html,0e0ae15b,rapatnaik,2025-04-25,03:32:27,-07:00,2025-04-25T03:32:27-07:00,2,58
projects/index.html,36,html,d9caee35,rapatnaik,2025-04-04,17:49:25,-07:00,2025-04-04T17:49:25-07:00,0,5
projects/index.html,37,html,d9caee35,rapatnaik,2025-04-04,17:49:25,-07:00,2025-04-04T17:49:25-07:00,0,5
contact/index.html,1,html,d9caee35,rapatnaik,2025-04-04,17:49:25,-07:00,2025-04-04T17:49:25-07:00,0,13
contact/index.html,2,html,d9caee35,rapatnaik,2025-04-04,17:49:25,-07:00,2025-04-04T17:49:25-07:00,0,14
contact/index.html,3,html,d9caee35,rapatnaik,2025-04-04,17:49:25,-07:00,2025-04-04T17:49:25-07:00,0,4
contact/index.html,4,html,d9caee35,rapatnaik,2025-04-04,17:49:25,-07:00,2025-04-04T17:49:25-07:00,2,20
contact/index.html,5,html,d9caee35,rapatnaik,2025-04-04,17:49:25,-07:00,2025-04-04T17:49:25-07:00,2,68
contact/index.html,6,html,d9caee35,rapatnaik,2025-04-04,17:49:25,-07:00,2025-04-04T17:49:25-07:00,2,21
contact/index.html,7,html,ef7ec53d,rapatnaik,2025-04-04,18:34:51,-07:00,2025-04-04T18:34:51-07:00,2,41
contact/index.html,8,html,198db6dc,rapatnaik,2025-04-18,21:20:24,-07:00,2025-04-18T21:20:24-07:00,2,48
contact/index.html,9,html,599d7863,rapatnaik,2025-04-10,01:27:06,-07:00,2025-04-10T01:27:06-07:00,0,5
contact/index.html,10,html,599d7863,rapatnaik,2025-04-10,01:27:06,-07:00,2025-04-10T01:27:06-07:00,0,4
contact/index.html,11,html,198db6dc,rapatnaik,2025-04-18,21:20:24,-07:00,2025-04-18T21:20:24-07:00,2,8
contact/index.html,12,html,bba8e8d1,rapatnaik,2025-04-10,01:03:38,-07:00,2025-04-10T01:03:38-07:00,4,30
contact/index.html,13,html,bba8e8d1,rapatnaik,2025-04-10,01:03:38,-07:00,2025-04-10T01:03:38-07:00,4,43
contact/index.html,14,html,198db6dc,rapatnaik,2025-04-18,21:20:24,-07:00,2025-04-18T21:20:24-07:00,4,30
contact/index.html,15,html,bba8e8d1,rapatnaik,2025-04-10,01:03:38,-07:00,2025-04-10T01:03:38-07:00,4,39
contact/index.html,16,html,d9caee35,rapatnaik,2025-04-04,17:49:25,-07:00,2025-04-04T17:49:25-07:00,4,63
contact/index.html,17,html,198db6dc,rapatnaik,2025-04-18,21:20:24,-07:00,2025-04-18T21:20:24-07:00,2,8
contact/index.html,18,html,599d7863,rapatnaik,2025-04-10,01:27:06,-07:00,2025-04-10T01:27:06-07:00,2,0
contact/index.html,19,html,a0429b67,rapatnaik,2025-04-10,00:15:12,-07:00,2025-04-10T00:15:12-07:00,2,14
contact/index.html,20,html,c6f98b86,rapatnaik,2025-04-04,17:58:17,-07:00,2025-04-04T17:58:17-07:00,0,0
contact/index.html,21,html,198db6dc,rapatnaik,2025-04-18,21:20:24,-07:00,2025-04-18T21:20:24-07:00,2,52
contact/index.html,22,html,c6f98b86,rapatnaik,2025-04-04,17:58:17,-07:00,2025-04-04T17:58:17-07:00,4,5
contact/index.html,23,html,c6f98b86,rapatnaik,2025-04-04,17:58:17,-07:00,2025-04-04T17:58:17-07:00,6,5
contact/index.html,24,html,05733067,rapatnaik,2025-04-04,18:31:22,-07:00,2025-04-04T18:31:22-07:00,6,49
contact/index.html,25,html,c6f98b86,rapatnaik,2025-04-04,17:58:17,-07:00,2025-04-04T17:58:17-07:00,4,6
contact/index.html,26,html,5b205cd5,rapatnaik,2025-04-04,18:11:12,-07:00,2025-04-04T18:11:12-07:00,0,0
contact/index.html,27,html,c6f98b86,rapatnaik,2025-04-04,17:58:17,-07:00,2025-04-04T17:58:17-07:00,4,5
contact/index.html,28,html,599d7863,rapatnaik,2025-04-10,01:27:06,-07:00,2025-04-10T01:27:06-07:00,6,5
contact/index.html,29,html,05733067,rapatnaik,2025-04-04,18:31:22,-07:00,2025-04-04T18:31:22-07:00,6,50
contact/index.html,30,html,c6f98b86,rapatnaik,2025-04-04,17:58:17,-07:00,2025-04-04T17:58:17-07:00,4,6
contact/index.html,31,html,5b205cd5,rapatnaik,2025-04-04,18:11:12,-07:00,2025-04-04T18:11:12-07:00,0,0
contact/index.html,32,html,5b205cd5,rapatnaik,2025-04-04,18:11:12,-07:00,2025-04-04T18:11:12-07:00,4,35
contact/index.html,33,html,c6f98b86,rapatnaik,2025-04-04,17:58:17,-07:00,2025-04-04T17:58:17-07:00,2,5
contact/index.html,34,html,d9caee35,rapatnaik,2025-04-04,17:49:25,-07:00,2025-04-04T17:49:25-07:00,0,5
contact/index.html,35,html,d9caee35,rapatnaik,2025-04-04,17:49:25,-07:00,2025-04-04T17:49:25-07:00,0,5
